index,window_0_start,window_0_end,window_0_score,window_1_start,window_1_end,window_1_score,window_2_start,window_2_end,window_2_score,window_3_start,window_3_end,window_3_score,window_4_start,window_4_end,window_4_score,window_5_start,window_5_end,window_5_score,window_6_start,window_6_end,window_6_score,window_7_start,window_7_end,window_7_score,window_8_start,window_8_end,window_8_score,window_9_start,window_9_end,window_9_score
0,4.3658,8.344,0.8519,-0.4932,6.1935,0.389,-0.3042,3.8086,0.3822,-0.1951,1.8801,0.3382,-0.0441,7.5515,0.2633,5.2723,8.9057,0.1466,2.331,3.5915,0.1213,4.5231,6.7056,0.067,-0.4477,8.7864,0.0633,8.0059,8.8363,0.0586
1,-0.1636,2.918,0.9917,10.882,12.1085,0.0285,0.195,0.973,0.0176,1.4118,2.9181,0.0113,1.5494,2.0738,0.0078,1.9795,3.0974,0.0039,3.8211,4.2666,0.0036,7.3836,8.068,0.0033,9.3618,11.9235,0.0033,6.3386,6.8817,0.0022
2,6.9497,7.9764,0.9944,6.9361,7.8865,0.0114,7.3192,7.5671,0.0082,7.2433,8.3401,0.0063,6.5735,7.0719,0.0056,3.6558,4.0758,0.0031,2.4566,2.8744,0.0028,0.0754,0.3969,0.0017,3.76,4.2641,0.0014,2.5326,2.8408,0.0012
3,8.5451,12.7965,0.9858,13.1842,13.8618,0.1793,11.741,13.1037,0.0645,12.362,13.467,0.0445,-0.056,1.0634,0.0426,12.1264,13.0836,0.036,8.8648,9.911,0.0274,9.8064,10.9334,0.0202,2.8349,3.7565,0.0174,6.5427,7.2961,0.0128
4,16.6478,22.0317,0.9555,6.3084,11.5141,0.5667,7.7852,10.7058,0.2704,0.4149,2.5756,0.0399,16.9121,18.3107,0.0227,17.6016,20.6451,0.0216,2.5412,4.0522,0.0213,19.2555,21.8216,0.0163,13.5809,14.9464,0.0137,20.085,21.5995,0.0128
5,14.8692,22.0244,0.9225,22.7904,24.0333,0.8453,3.498,6.6162,0.5581,14.9355,19.022,0.3014,0.8973,22.3027,0.2267,8.8456,10.4672,0.1798,9.8737,11.8252,0.0842,0.4107,2.3697,0.0662,8.478,9.8578,0.0505,2.9705,5.2081,0.0288
6,0.0599,3.3329,0.9973,10.8857,12.0019,0.994,1.0639,3.1824,0.1084,10.3643,11.1187,0.0964,8.5616,9.4047,0.0296,4.5543,5.1074,0.0267,0.7688,2.443,0.0213,5.6436,6.2423,0.0151,2.9122,4.5099,0.0124,0.3231,0.7883,0.0102
7,126.3195,147.4573,0.9968,116.3761,126.9492,0.8998,103.4543,110.7654,0.8611,84.9477,92.1963,0.6688,14.8909,30.2002,0.2239,137.6236,143.8552,0.0997,0.7223,8.9322,0.0957,56.7316,65.574,0.0757,14.0925,28.5882,0.0619,15.7066,21.1438,0.0234
8,28.3552,36.3285,0.9414,22.5384,35.219,0.7828,0.9499,11.4983,0.6407,-0.2971,5.3371,0.5036,13.9578,19.0996,0.5021,-0.5479,17.941,0.3629,9.7062,13.9871,0.3024,-0.6278,34.9332,0.2266,20.2131,26.2427,0.2027,0.8465,7.161,0.0478
9,0.0583,2.8564,0.7034,-0.188,1.9432,0.2286,1.1968,1.7367,0.1377,0.0812,0.5596,0.1065,2.3146,2.6476,0.0972,0.085,0.4461,0.0417,3.3034,3.6059,0.0052,6.7728,7.1549,0.0043,5.0518,5.4283,0.004,5.3486,5.742,0.0016
10,0.4383,9.6696,0.6221,0.2464,11.6494,0.5988,3.1626,9.3428,0.5035,0.0643,1.4775,0.3553,6.1157,7.5787,0.3224,0.2488,3.2214,0.2274,9.2394,12.2098,0.195,3.2531,5.7417,0.1937,5.1921,8.8738,0.1477,0.7069,6.2584,0.1408
11,2.7829,5.4088,0.9315,4.9028,6.1406,0.1591,5.8045,6.8338,0.0801,6.3026,7.2051,0.0284,0.0041,0.8576,0.0186,0.7009,5.7884,0.0103,3.2914,4.2994,0.0092,11.9537,12.8621,0.0067,4.8234,5.4934,0.0061,7.6438,8.7706,0.0037
12,-0.0596,35.9384,0.9818,28.662,36.8429,0.3822,19.5119,35.8916,0.3274,-0.4071,16.1218,0.2701,-0.1551,3.7984,0.2207,0.3919,8.6184,0.2031,-0.8214,18.6413,0.1802,10.4168,14.8229,0.1456,13.7513,19.0611,0.0756,18.4215,26.3452,0.0511
13,0.0619,10.1706,0.8497,0.2171,3.6196,0.6756,16.5441,25.7631,0.2968,-0.4264,12.1125,0.2073,5.9675,11.2279,0.2003,-0.5803,25.3747,0.127,25.0552,25.9997,0.0499,11.0418,12.7909,0.0268,17.9923,18.7488,0.0233,0.9997,1.5075,0.0065
14,4.1432,17.0684,0.9981,29.5209,38.3604,0.6531,46.1955,48.1,0.5978,32.5152,36.8043,0.207,28.2563,30.8402,0.0832,2.8742,5.6171,0.038,0.1895,3.0549,0.0298,3.2909,7.044,0.0286,12.4624,16.9396,0.0234,31.8249,36.7877,0.0036
15,-0.3651,4.6356,0.9949,14.9793,16.1014,0.549,0.8249,5.3189,0.2455,2.7626,4.0037,0.0811,-0.094,0.7556,0.0275,14.8162,16.1875,0.0205,0.3,1.6065,0.0132,10.7815,11.851,0.0111,3.3415,3.9758,0.011,4.9239,5.6668,0.0083
16,7.2696,10.6302,0.8264,12.1394,16.2885,0.7236,5.8138,8.4033,0.6644,8.8285,12.1796,0.6462,15.7603,17.9115,0.5391,0.6002,18.3023,0.514,2.1249,12.648,0.3121,0.3496,2.3653,0.2671,1.7981,5.2187,0.2658,2.4264,9.7946,0.2539
17,6.4199,15.834,0.9793,3.2542,18.1738,0.7437,6.7395,15.7568,0.718,0.4945,3.6331,0.6682,0.4524,4.8715,0.5302,10.0189,15.6981,0.1018,20.5339,21.7842,0.0973,5.6444,8.835,0.0789,4.319,8.4323,0.0286,-2.1651,17.0288,0.0144
18,0.1486,18.1248,0.9207,15.245,18.1445,0.7103,-0.006,2.7381,0.6583,12.4553,16.5193,0.4452,-0.1508,6.0567,0.3443,0.0862,9.2663,0.3161,5.0688,8.9454,0.3157,8.3414,10.9197,0.1986,8.7361,12.6687,0.1602,0.5885,10.9125,0.0942
19,-0.1599,2.2374,0.9969,1.6219,2.7254,0.0401,7.777,10.1432,0.0384,0.749,2.6499,0.0257,7.0329,9.3075,0.0248,6.6119,7.4375,0.0091,2.3066,9.9658,0.0087,0.3581,1.0556,0.0084,3.3132,3.7008,0.0053,0.7786,1.9172,0.0046
21,0.1991,5.4651,0.9971,0.5432,2.5445,0.2548,2.6137,3.0466,0.1703,0.6788,1.6845,0.0468,15.7891,18.0376,0.0381,3.5724,3.8681,0.0221,0.1631,2.5973,0.0118,3.3505,3.8924,0.0112,-0.5665,3.3906,0.0078,13.502,15.0959,0.0049
22,2.8923,5.0599,0.998,3.9993,4.9177,0.052,-0.1429,1.2984,0.0444,-0.0784,1.3526,0.0335,0.712,2.3319,0.0298,8.052,9.1451,0.0065,14.2055,15.3703,0.0051,7.6237,9.11,0.004,8.6841,9.6773,0.0035,4.7566,6.9417,0.0031
23,-0.0584,6.9619,0.9965,-0.4139,3.3644,0.0718,5.4447,6.5481,0.0536,4.7163,6.9763,0.0333,0.9776,2.7798,0.0265,-0.2334,1.9788,0.0133,14.4477,15.4469,0.0131,7.9553,8.9518,0.0079,5.0959,6.1006,0.0059,-0.0949,2.6706,0.004
24,9.1635,12.1017,0.927,0.4152,5.6257,0.6403,-0.6762,2.6937,0.07,5.8353,6.8125,0.053,0.36,7.4613,0.0444,9.2079,11.035,0.0425,3.4409,5.9164,0.0396,0.0151,11.6315,0.0271,0.7929,2.3932,0.0158,7.1346,8.4022,0.0136
25,2.9649,5.303,0.9614,10.4588,12.0348,0.4042,8.1338,8.5894,0.1122,9.1081,10.5944,0.0472,0.8112,1.553,0.0276,3.0853,4.1912,0.0206,8.6589,9.1534,0.0186,7.7345,8.3725,0.0123,8.2415,9.7148,0.01,9.245,10.6153,0.0078
26,12.4125,19.6962,0.9036,-0.0523,7.0713,0.7184,0.0252,20.005,0.6851,15.8136,19.9003,0.5654,-0.2116,2.8861,0.3731,4.252,6.6951,0.2422,0.079,5.9977,0.1201,-0.0351,7.2991,0.0899,11.9294,15.0778,0.057,9.7872,12.1925,0.0513
27,-0.0021,11.9875,0.8964,8.4513,12.0663,0.8862,8.0414,11.8782,0.6897,-0.0118,4.6781,0.4096,-0.1276,1.8554,0.364,0.0387,5.9242,0.3502,7.5725,9.218,0.111,-0.6037,6.4351,0.108,5.7075,7.0698,0.07,3.4622,4.8947,0.0497
28,2.8833,6.6646,0.9692,14.6869,17.9892,0.4526,1.2295,4.5769,0.2007,4.368,7.1056,0.0599,14.1846,15.8254,0.0479,10.6737,11.7724,0.032,-0.1104,0.7767,0.031,4.2747,5.1442,0.0174,3.4525,15.1317,0.0146,0.333,1.1431,0.0091
29,8.5207,12.8723,0.8694,9.1689,13.9481,0.7054,13.3198,16.0686,0.4692,7.9009,9.2988,0.3434,1.8667,5.0238,0.207,0.0178,2.0907,0.202,5.0683,6.4997,0.1451,1.7037,14.9911,0.1247,2.6167,4.8512,0.0458,2.7765,6.3593,0.0284
30,14.2432,17.8221,0.9835,-0.6735,9.1398,0.8599,5.2835,10.5243,0.8513,0.5504,9.034,0.3276,0.1287,2.9126,0.2005,13.3875,14.1002,0.1496,12.2647,13.1109,0.0346,4.2037,4.7837,0.0112,0.4007,3.7797,0.0088,-1.4441,8.183,0.0052
31,0.1725,11.6291,0.8845,-0.1549,19.7864,0.6105,-0.1182,2.0506,0.3565,4.3938,9.8115,0.2999,0.4063,7.3399,0.1726,0.0523,13.9857,0.1599,14.4033,18.3818,0.1058,16.4012,18.9563,0.0892,7.3476,10.8663,0.0736,10.4837,12.4946,0.0659
32,-0.0881,2.9551,0.9888,7.1668,7.9573,0.1077,1.1499,1.8442,0.0336,2.4474,2.638,0.0252,0.236,1.2182,0.0239,0.0091,0.6729,0.0181,-0.3452,2.5862,0.0117,-0.0001,0.777,0.01,1.9836,2.2349,0.0063,1.6917,1.9272,0.0027
33,12.4907,15.5754,0.98,-0.3733,6.519,0.7814,-0.1378,2.835,0.438,0.0636,8.2428,0.2852,12.0762,13.8327,0.1831,6.5025,8.7832,0.1597,3.7089,6.0384,0.1276,-0.4897,15.4837,0.1199,8.4779,10.0954,0.0659,0.0462,1.0759,0.0405
34,0.8698,6.7339,0.9418,0.7542,12.2366,0.6264,0.5865,9.3822,0.4473,-0.1909,1.7632,0.3759,6.1946,12.8838,0.2739,9.8968,13.1554,0.1974,-0.0165,15.5344,0.1845,13.5838,15.4687,0.0865,4.9048,6.8835,0.0451,7.4955,10.4538,0.0399
35,6.8225,21.478,0.9733,2.658,23.4146,0.9477,20.6252,22.9798,0.1267,4.2815,13.6943,0.0579,8.1053,14.3323,0.0545,17.408,20.9044,0.0159,4.6959,17.538,0.015,-0.0192,1.9653,0.0142,2.5342,6.2462,0.0094,5.2993,10.1965,0.004
36,2.3248,7.0646,0.9971,10.8083,19.1511,0.9891,4.7893,7.2265,0.3666,16.0927,19.06,0.1595,10.1744,12.0194,0.135,10.5259,13.4648,0.114,-0.0674,1.0301,0.0358,1.7532,2.6063,0.0233,0.7482,2.2743,0.0227,11.7192,16.212,0.007
37,16.786,22.1144,0.9981,10.821,15.0386,0.7945,17.2003,19.3889,0.0363,-0.047,2.1496,0.0348,20.2666,21.896,0.0133,12.9961,14.6652,0.0099,19.2149,21.6033,0.0086,18.5589,19.9379,0.0085,11.0011,12.2673,0.0079,1.0152,2.5678,0.0069
38,1.9822,4.8977,0.9987,7.6688,13.0618,0.9396,8.7208,10.262,0.0822,3.4498,5.1271,0.0676,11.7084,13.0016,0.0315,16.8949,18.0298,0.0176,0.2811,1.0174,0.0072,0.1253,1.1321,0.0064,0.0194,1.3635,0.0044,11.2203,12.3665,0.0027
39,0.1586,10.0027,0.8359,5.6434,9.5546,0.5795,-0.0033,4.4005,0.5225,7.288,10.1837,0.4922,-0.2214,1.5829,0.4242,2.6424,4.2383,0.3896,0.986,6.1346,0.3384,0.4639,7.1771,0.303,2.7241,6.2475,0.2549,4.4268,6.0307,0.2477
40,8.9348,12.1373,0.9884,2.7847,5.4563,0.1408,5.6255,7.0842,0.0522,8.855,10.8079,0.0466,1.9744,5.8669,0.0294,0.3176,1.3015,0.0196,2.6599,3.79,0.0189,10.1302,12.5619,0.0114,9.2822,10.9572,0.0106,6.1634,7.2374,0.0055
41,4.8341,6.1212,0.9971,4.7046,5.3935,0.0642,3.3962,3.8338,0.0465,4.3937,5.5711,0.0322,4.6835,5.1724,0.0262,1.661,2.2284,0.0227,3.3275,3.9507,0.0157,0.674,1.5798,0.015,0.2268,0.7541,0.0133,1.8905,2.7158,0.0108
42,-0.0057,11.7822,0.9907,6.2627,11.9348,0.3267,10.1043,12.1812,0.1356,0.0963,7.137,0.0876,-0.1069,4.6398,0.076,0.1483,1.5552,0.0742,0.0111,8.7052,0.0281,6.1517,8.0747,0.0261,2.7681,5.2578,0.0211,5.9171,9.602,0.0195
43,3.045,5.6347,0.965,12.6814,16.7679,0.6695,13.7263,17.4352,0.6386,10.8783,12.4588,0.1272,5.2418,6.689,0.1091,-0.143,1.2544,0.0876,3.0857,4.661,0.0698,2.6192,4.0491,0.0263,5.3578,6.5558,0.0254,10.3408,14.7768,0.0089
44,-0.3588,37.6191,0.8854,-0.5996,4.8172,0.8123,6.2579,18.5183,0.75,21.0746,35.1665,0.5887,6.686,13.4345,0.5227,29.7285,37.4285,0.4173,1.6164,19.5496,0.4051,14.3822,19.5851,0.2693,19.2591,26.2174,0.2591,1.5554,25.6262,0.2585
45,6.3391,11.1041,0.996,8.7862,12.1689,0.6761,0.0502,2.1422,0.5795,12.5286,14.7974,0.5493,2.8865,4.4011,0.3096,0.5291,2.48,0.2536,20.8681,24.471,0.205,30.5702,33.8699,0.0386,-4.4968,22.7634,0.0254,28.5223,32.3372,0.0118
46,4.3972,8.12,0.9982,11.5685,14.3917,0.4399,6.1697,8.6832,0.3609,14.933,22.2279,0.1664,-0.13,1.3788,0.1455,20.7346,24.2359,0.1414,12.3762,16.5724,0.1192,1.9349,22.4158,0.1084,2.1904,3.908,0.028,5.9081,7.1943,0.0172
47,4.7373,8.6994,0.9847,12.9182,14.0944,0.4644,4.8505,6.5447,0.246,8.9015,9.746,0.2207,0.9069,2.1116,0.1539,0.8488,1.9783,0.1488,8.2932,9.1124,0.1034,0.2427,12.376,0.0266,7.2377,8.1823,0.0254,6.7992,7.9041,0.0254
48,8.66,10.0202,0.9075,4.5487,6.7741,0.8912,4.5576,7.4246,0.8043,0.355,3.1226,0.766,-0.0671,1.4428,0.6718,5.1922,7.4701,0.2746,2.1601,3.0955,0.1864,0.1417,9.4892,0.0555,0.1851,0.5445,0.0371,1.8956,6.3818,0.034
49,0.0851,5.2997,0.9988,8.4099,11.193,0.606,2.8599,3.741,0.0462,0.8868,2.2039,0.0312,9.4248,10.7191,0.0166,11.6643,13.3807,0.0137,2.8623,5.6322,0.0134,23.8811,25.3739,0.0129,4.6953,5.5855,0.0123,18.9345,21.5521,0.009
50,5.3471,14.0127,0.997,4.9707,13.2626,0.9917,0.003,2.3785,0.1206,4.4279,7.3437,0.0434,0.5381,2.3899,0.0329,11.1203,12.528,0.0167,3.9581,10.7251,0.0108,10.0723,11.6676,0.006,10.7417,12.2142,0.0057,15.4794,16.6348,0.0047
51,0.3545,6.2061,0.9912,28.8245,32.167,0.6111,3.1552,6.2558,0.2066,22.0127,27.4981,0.1471,2.4935,5.3494,0.108,-0.2773,31.6012,0.0933,9.224,12.2085,0.0652,0.9925,5.0438,0.0469,21.8143,24.1558,0.0462,15.876,18.2157,0.0316
52,2.6118,9.744,0.9722,2.9657,17.1891,0.8551,12.225,16.1685,0.5396,15.2197,16.9968,0.2096,2.4412,7.28,0.201,9.025,12.77,0.1931,7.0584,10.8934,0.1176,-0.1155,1.3165,0.032,4.8019,12.549,0.028,4.4731,6.3691,0.0092
53,2.0307,8.3249,0.8759,5.7489,7.7627,0.7157,1.7661,3.6507,0.6093,6.2886,7.2127,0.4523,9.6423,10.4886,0.1506,-0.0193,2.7281,0.145,-0.2655,0.8847,0.1415,12.8962,13.8692,0.1,15.134,16.8553,0.05,2.5657,3.702,0.0135
54,-0.152,2.4947,0.9638,0.1852,3.3705,0.6156,10.228,11.9252,0.183,0.0901,2.264,0.0864,0.2097,1.708,0.0336,8.9372,11.4677,0.0146,2.9401,3.9098,0.0138,0.3162,12.0669,0.0088,5.2457,6.3245,0.0047,6.7345,8.2682,0.0034
56,9.1698,14.4539,0.9008,0.5487,13.6359,0.7804,0.9307,6.9011,0.7406,-0.0368,8.6216,0.5669,11.4583,14.8352,0.5269,16.5789,18.2407,0.3235,-0.4272,17.1638,0.3162,-0.0538,1.7235,0.2108,8.1497,10.6204,0.1917,4.1201,7.3329,0.1525
57,7.7863,13.2538,0.9955,-0.0567,3.5315,0.8622,18.6795,21.9478,0.6624,6.3054,9.5553,0.1021,1.1321,3.0253,0.0903,19.9885,21.934,0.0637,18.7096,20.3265,0.039,5.6202,6.8171,0.0305,6.7388,8.8351,0.0178,11.7758,13.2969,0.0116
58,4.8199,9.8907,0.9729,1.5948,15.6773,0.6164,0.2598,2.3409,0.3591,13.6003,14.8429,0.2678,10.9457,14.3961,0.254,4.7548,8.1057,0.1341,1.2307,2.4358,0.0884,9.5351,11.2429,0.0605,3.631,11.6372,0.024,4.2193,7.2766,0.0153
59,0.2045,10.9613,0.9928,15.5951,19.5569,0.3753,20.6346,24.0784,0.3589,6.9729,10.7935,0.0771,15.3503,18.209,0.0342,-1.4551,4.938,0.028,0.2962,3.5299,0.0152,8.5556,9.6905,0.0141,0.0514,2.2661,0.0127,-0.5911,20.6106,0.0083
60,-0.1603,5.395,0.9934,-0.7578,4.3291,0.3406,12.6037,16.1666,0.3209,10.7367,15.9045,0.0508,2.9162,4.5066,0.0376,-0.0551,1.6034,0.0262,0.4603,2.0197,0.0089,9.5966,11.2233,0.005,2.9819,3.4766,0.0043,1.0735,12.5364,0.0017
61,-0.1838,7.3229,0.9784,13.2055,15.3388,0.3375,3.8986,7.1935,0.2676,-0.2667,2.8853,0.0979,12.7203,13.8798,0.0555,1.4297,2.6911,0.0243,0.7163,1.6583,0.0225,8.0838,9.2335,0.0125,6.5326,7.3444,0.0057,1.637,13.6581,0.0056
62,14.5679,15.9382,0.9982,12.9857,13.3927,0.0507,0.8026,2.0616,0.0487,5.1045,6.2164,0.0227,6.883,7.9634,0.0196,14.3825,14.9377,0.0194,15.7219,16.051,0.0141,8.7154,9.659,0.0126,15.6259,16.0784,0.0075,12.6283,13.3396,0.0035
63,7.2435,11.5004,0.995,6.9191,8.1396,0.2178,3.8524,4.8111,0.0689,2.766,4.204,0.061,9.4869,11.0072,0.0461,5.7141,7.2563,0.0406,12.3177,13.4096,0.0189,9.7471,10.6525,0.0134,0.4735,1.1741,0.0084,7.068,8.3374,0.0082
64,0.8169,19.9634,0.871,-0.4136,24.0781,0.865,1.7728,9.2872,0.6971,19.8372,22.441,0.6645,21.1764,24.3772,0.6597,13.0181,19.7072,0.3868,0.31,11.7698,0.265,5.868,9.8829,0.2155,-0.2296,3.3978,0.2043,12.4318,17.7245,0.1729
65,16.39,21.7114,0.968,6.6481,9.6434,0.9183,-0.1054,2.9717,0.4564,15.7699,20.8162,0.2818,10.1045,12.5635,0.1937,14.6693,16.7442,0.1023,1.802,3.7012,0.0858,1.8644,2.827,0.0358,1.3595,20.2473,0.0349,3.4799,5.1322,0.0191
66,0.0281,9.5986,0.9284,12.661,14.7796,0.6882,4.8058,9.3534,0.3628,-0.2661,3.4241,0.2817,13.9821,14.9391,0.1055,7.355,8.5984,0.0641,-0.2421,1.7506,0.0443,-1.6851,16.2823,0.0377,1.3779,8.1677,0.0313,9.1979,10.3756,0.0235
67,-0.3016,4.2059,0.995,10.4086,17.9129,0.9923,1.2331,4.7294,0.082,3.5071,4.978,0.047,15.0204,17.9149,0.0327,10.9183,14.7609,0.0299,5.3458,6.4228,0.0296,0.0843,1.5997,0.0171,2.133,3.6599,0.0111,10.2286,13.1038,0.0048
68,-0.0727,19.6932,0.8719,-0.0906,8.5702,0.8074,13.7037,19.7541,0.6071,10.3407,18.3754,0.5884,9.9803,15.5899,0.5137,5.3025,8.0043,0.4846,0.4467,10.2313,0.4473,-0.0401,2.2851,0.3163,0.0379,13.0166,0.245,9.2297,11.3439,0.2059
69,-0.006,4.9339,0.8476,-0.3105,2.5971,0.2738,3.063,4.8478,0.2334,0.0047,6.2697,0.1006,0.1705,1.279,0.0286,3.9827,5.0178,0.0274,12.8565,13.5933,0.014,0.0963,11.9934,0.0083,5.4143,6.6386,0.0066,9.3669,10.6088,0.0066
70,0.0742,2.7814,0.889,14.702,16.971,0.6979,19.0103,20.1237,0.6531,4.1351,9.593,0.5803,0.8396,4.9225,0.3102,7.2904,8.9782,0.2382,0.2757,10.3571,0.2143,14.5189,15.8284,0.1885,0.5609,20.288,0.0492,0.9335,2.0226,0.0176
71,-0.3791,9.2336,0.8606,0.5875,7.2679,0.5326,6.3435,8.3255,0.2307,3.8699,7.1348,0.1641,-0.5075,2.9395,0.0938,7.031,9.0361,0.0573,14.1713,16.1551,0.0436,-0.6997,14.9849,0.0271,-0.0713,6.6162,0.0134,9.9039,12.3466,0.0105
74,15.6732,19.9669,0.9931,10.3886,14.3315,0.5729,8.4945,13.3044,0.5413,0.071,12.0345,0.4416,-0.6136,3.1304,0.3767,0.7026,6.9337,0.1534,16.241,17.5038,0.1077,5.4395,8.7537,0.0667,0.1361,19.2013,0.0405,1.4083,2.2304,0.023
75,18.7885,22.1618,0.9353,5.2916,11.2874,0.7905,6.9866,12.9926,0.6941,2.9632,21.0838,0.2463,11.7988,14.7396,0.2448,4.0566,5.8952,0.1824,17.5747,19.7197,0.1541,6.7199,14.3699,0.0334,6.3646,8.69,0.0288,0.947,2.6504,0.0104
76,8.3097,11.8126,0.944,-0.4449,2.5056,0.6386,-0.1153,1.68,0.3911,8.7319,11.7723,0.1758,-0.1305,1.2333,0.0422,2.0968,3.0491,0.037,0.1794,0.8805,0.0189,5.2432,6.6387,0.0175,4.3227,5.0776,0.0094,-0.319,1.5354,0.0083
77,4.7385,9.3657,0.9759,3.4601,8.9223,0.5933,4.424,6.8346,0.5298,3.8287,10.5883,0.5171,7.9373,9.4256,0.0495,5.6266,7.1902,0.0307,3.7837,5.6829,0.0064,0.7749,1.6597,0.0061,3.7271,4.3466,0.0053,0.5983,1.1354,0.002
78,2.5716,17.7892,0.8897,2.952,8.3103,0.5454,3.056,7.3583,0.5013,14.7699,18.0036,0.4998,10.4557,18.289,0.3707,10.1731,14.4848,0.1594,2.738,9.8093,0.0987,7.3028,9.256,0.085,-0.1064,0.8796,0.0614,2.3523,10.932,0.0432
79,12.9874,14.0081,0.9814,-0.1124,2.65,0.7233,0.0027,5.9515,0.5976,10.2585,12.4099,0.5449,0.2538,7.6922,0.1391,4.2341,6.3362,0.1056,6.1629,6.9999,0.036,-0.2764,13.3801,0.0355,9.7228,10.7201,0.0327,0.8004,1.8741,0.0132
80,4.7634,8.1919,0.8749,0.1217,8.0449,0.6159,6.2233,8.0432,0.3208,0.2313,3.116,0.1714,1.859,3.1266,0.1329,0.4147,4.6594,0.1205,-0.1437,1.206,0.0824,2.9069,3.7735,0.0785,-0.0572,4.3288,0.0772,4.7298,6.0154,0.057
81,6.1139,17.1388,0.982,0.2621,3.1758,0.9133,0.7428,2.3024,0.2077,19.991,22.5468,0.1135,0.1621,0.9781,0.0839,7.0768,11.6106,0.0819,11.4841,16.2661,0.0304,20.0352,21.3776,0.0114,1.7651,16.4512,0.0052,4.0639,12.7889,0.0037
82,4.7146,7.1074,0.9991,12.8916,14.0514,0.2111,5.8699,6.9235,0.0612,13.1409,14.2272,0.0172,5.2999,5.9769,0.0135,12.8404,13.4893,0.0114,12.4745,13.562,0.0105,9.9631,10.4981,0.0065,12.1572,12.5771,0.006,0.3989,1.4349,0.0027
83,9.0544,19.2589,0.9929,3.652,7.447,0.285,5.2223,20.4787,0.2038,8.2238,13.6033,0.1006,5.2157,7.8133,0.082,14.8688,18.7135,0.0399,18.173,19.5855,0.0334,5.4303,9.8577,0.0096,6.054,15.4626,0.0073,0.1428,1.6499,0.0054
84,0.5363,7.7356,0.9066,0.0561,8.2412,0.8248,13.7599,16.1239,0.4632,10.7822,15.9206,0.3835,-0.0745,15.9137,0.3126,-0.3318,2.0629,0.2228,3.4855,6.4426,0.1406,6.0034,7.5214,0.0815,10.7948,12.3888,0.0802,0.0082,2.2004,0.0429
85,1.1868,2.8735,0.0884,-0.1631,1.2024,0.0377,-0.0897,2.2513,0.0248,0.0007,3.0532,0.0214,1.9853,2.2262,0.0093,5.0778,5.7208,0.0083,-0.0893,2.3554,0.0059,0.1085,2.9227,0.004,2.5648,3.0903,0.0036,3.9203,4.5826,0.0023
86,13.1213,15.8849,0.9986,0.76,2.3813,0.0115,10.1203,11.3787,0.0108,9.4,10.2999,0.0093,1.38,3.3744,0.0077,12.6979,13.5179,0.0073,6.9389,7.8848,0.0066,5.5306,6.0307,0.0055,4.1614,5.7521,0.0033,1.266,12.8469,0.0024
87,4.995,8.4299,0.6949,3.9364,13.307,0.662,7.9346,13.4762,0.3092,7.3694,12.4948,0.2413,4.406,9.9783,0.2346,12.0358,14.0872,0.1223,0.8107,15.1976,0.1179,15.3305,18.2012,0.0758,0.1417,1.8046,0.0608,1.7059,3.6466,0.0434
88,5.4896,11.7951,0.9961,17.0563,25.9471,0.4258,23.2306,26.693,0.2608,14.3772,18.359,0.2057,14.4736,16.589,0.1319,2.7593,25.6408,0.0574,7.6078,10.6899,0.0541,0.3972,1.7638,0.0342,0.0437,1.8965,0.032,6.4384,8.1599,0.0093
89,8.4665,11.8594,0.999,-0.4363,3.946,0.1715,-0.0247,1.4967,0.0886,9.4048,10.6499,0.0649,3.5397,5.1265,0.0492,11.0165,12.0348,0.0229,0.8316,4.4013,0.0166,6.8385,7.8686,0.0161,0.7041,1.9113,0.0111,5.8029,6.7251,0.0085
90,0.3095,5.2714,0.9915,8.6074,10.0523,0.5523,3.5929,4.0733,0.049,2.0366,4.2683,0.0349,6.9492,8.5277,0.0275,-0.1523,2.0685,0.0216,0.9615,4.0187,0.0159,3.6584,4.3754,0.0106,0.6685,1.6156,0.0103,-0.2538,8.7262,0.0083
91,0.0516,2.9426,0.9995,0.8491,2.8606,0.0992,0.0703,1.1529,0.031,11.8825,13.6549,0.0288,1.3556,1.8939,0.006,7.7403,9.0612,0.004,3.755,4.7356,0.0037,10.2666,13.9991,0.0019,4.4139,4.8773,0.0019,6.504,7.4334,0.0017
92,16.6224,20.0131,0.9793,4.8367,8.9558,0.4106,10.5704,12.5425,0.2018,10.688,14.0136,0.1823,-0.3574,2.3218,0.122,1.1544,18.1549,0.0899,3.2874,6.0511,0.0823,15.6361,17.7675,0.0346,12.5798,13.8453,0.0213,4.4161,5.6608,0.0113
93,-0.1456,4.936,0.7834,-0.192,1.8846,0.6872,2.0788,4.7566,0.6648,3.4386,4.9219,0.1623,6.9275,8.102,0.0693,-0.3894,2.8574,0.0449,4.9005,5.9396,0.0207,0.1921,6.8214,0.0161,0.9561,4.731,0.0157,4.2595,5.1272,0.0121
94,-0.1845,5.3365,0.9847,6.9287,9.0646,0.8626,0.0195,5.1641,0.2394,8.7018,9.8001,0.0779,3.722,4.8715,0.0255,-0.0358,1.3269,0.0212,14.1255,15.4303,0.0186,4.1807,5.92,0.0098,0.9291,5.0751,0.0092,10.4957,11.9808,0.0027
95,4.6449,7.4039,0.8643,0.0163,7.9803,0.6206,5.4658,8.1915,0.2128,-0.2441,4.7128,0.1947,-0.2297,3.4081,0.1832,-0.0206,1.1443,0.1324,-0.066,5.4033,0.1255,4.0611,6.3879,0.1246,2.4931,3.5437,0.1115,3.0119,4.2032,0.0763
96,0.6882,7.7263,0.9961,12.727,16.3189,0.7247,-0.1499,1.6211,0.1629,12.3832,14.1014,0.0506,12.2757,13.6409,0.0387,-0.2786,0.944,0.0374,0.0577,1.4787,0.024,4.3479,6.9572,0.0191,-0.1182,14.3751,0.0159,5.5839,6.5252,0.014
97,7.0002,7.9797,0.9955,7.4187,8.2588,0.0322,7.6501,7.9843,0.0245,3.3402,3.8813,0.0182,6.8711,7.3136,0.0153,3.8818,4.3447,0.0114,5.5274,6.1331,0.0094,6.6825,7.2178,0.0089,2.6047,3.1943,0.0046,0.434,1.0498,0.0042
98,0.3999,11.4149,0.8768,-0.3901,9.6507,0.3082,7.0613,10.4044,0.124,-0.6808,4.5126,0.0879,7.2999,10.8901,0.0474,4.6696,9.2178,0.0269,-0.1706,2.6807,0.013,16.196,17.5535,0.0091,11.4467,12.141,0.0043,-0.7055,13.8695,0.0039
99,5.2862,10.227,0.9911,13.9639,18.0179,0.9198,14.8112,15.8885,0.2902,9.8195,11.3441,0.1979,7.5924,9.1442,0.0947,4.2896,5.4016,0.0516,16.1328,18.0049,0.0507,0.667,2.2802,0.0426,1.6567,3.2667,0.0124,4.0623,5.2465,0.0079
101,11.4444,18.8296,0.9985,2.7873,6.9604,0.3485,4.4442,6.4879,0.2215,10.8907,12.339,0.1864,17.3596,18.6967,0.1568,11.3004,14.2013,0.0805,-0.0126,1.4523,0.0479,0.235,1.302,0.0197,2.845,17.9958,0.0174,0.6943,2.5751,0.0147
102,0.1269,4.9476,0.9948,-0.1736,2.8927,0.0795,1.9118,2.8267,0.0355,-0.0701,0.6478,0.0251,12.4296,13.7407,0.016,3.8741,4.7484,0.0098,0.7361,2.509,0.0071,0.0074,1.2668,0.0061,6.2177,6.9958,0.0021,3.9439,4.6815,0.0017
103,14.7914,18.0333,0.9794,3.1488,7.2108,0.4412,4.7597,6.9392,0.4184,8.6414,10.6708,0.3526,10.6292,12.5177,0.3031,-0.0327,2.1245,0.2166,13.8451,15.4659,0.1935,1.1899,18.9154,0.1377,2.3778,11.9305,0.074,1.7645,3.309,0.0622
104,-0.2384,6.6763,0.8792,8.4963,12.9334,0.7867,-0.2922,15.5418,0.5803,-1.0646,3.03,0.4617,13.7954,16.1888,0.3993,4.2233,6.8224,0.386,8.8392,14.6408,0.2476,-0.2205,8.2207,0.2247,5.7767,7.043,0.1811,-0.4522,9.2624,0.0633
105,14.987,18.0609,0.9491,1.5069,12.1288,0.8231,0.1707,17.5087,0.7055,6.8323,13.4682,0.6599,9.0848,13.3251,0.5087,1.1574,13.2298,0.4562,1.2573,6.7048,0.3077,11.8612,13.2643,0.225,-0.0818,1.5282,0.1741,3.1845,7.4069,0.1697
106,2.7264,6.5848,0.8527,-0.1631,4.792,0.5331,9.3323,11.8377,0.3065,8.7933,11.197,0.2202,-0.276,7.4082,0.1962,4.9466,6.7668,0.075,-0.8929,2.7032,0.0722,8.0288,9.3658,0.0648,0.1832,11.5258,0.0185,-0.4331,2.8784,0.0124
107,-0.0042,5.3519,0.9533,12.5888,16.0969,0.701,-0.0732,2.0527,0.2737,-0.2441,15.6723,0.2028,6.7095,8.7327,0.1601,3.3015,5.1235,0.1236,7.8604,11.3475,0.1141,0.3003,6.6218,0.0615,10.1492,13.5197,0.043,1.2633,4.462,0.0183
108,0.0537,2.7663,0.6276,0.0861,7.4316,0.57,4.5478,5.8299,0.5031,8.8905,9.969,0.4637,-0.1412,8.6557,0.2756,4.8797,7.0444,0.1799,3.0587,4.1265,0.1621,4.9512,6.2945,0.0875,0.4092,3.7665,0.0761,0.0352,1.3434,0.0745
109,-0.3666,6.5713,0.8084,18.7409,19.9818,0.7316,-0.6427,4.6686,0.5249,4.1439,8.4142,0.3676,-0.2205,3.9957,0.0555,6.9277,8.6042,0.0363,15.2064,16.5717,0.0294,6.5349,7.154,0.0289,0.1216,3.5129,0.0192,0.4221,13.3741,0.0115
110,13.0687,26.7506,0.9943,10.3732,13.278,0.1398,11.0691,15.7756,0.0929,23.3183,27.5815,0.0878,13.4235,21.2721,0.0356,-0.1339,3.0464,0.0266,8.04,25.9212,0.0254,2.9566,6.8461,0.0111,14.7741,18.3872,0.0102,21.8608,25.5584,0.0089
111,7.8074,13.9772,0.9955,10.091,13.8105,0.965,6.8017,8.8622,0.1558,0.4592,2.1556,0.1003,2.1595,4.4175,0.0836,6.3987,9.5959,0.0699,4.745,5.6555,0.0484,2.8221,13.213,0.0348,0.9047,4.044,0.0276,1.0961,4.9641,0.0274
112,12.758,16.2564,0.9778,7.0294,9.4848,0.8618,0.0491,3.0387,0.6652,1.2284,2.8568,0.0901,6.7188,7.6125,0.0836,10.7756,11.7274,0.0608,12.8728,13.9476,0.059,-0.1122,0.7533,0.0325,12.6366,13.777,0.0199,10.3197,13.5394,0.0165
113,12.9283,14.1257,0.9757,12.4398,14.4346,0.5833,6.1055,8.8138,0.3427,-0.0008,2.0191,0.1988,7.5519,10.2146,0.1736,11.0586,12.3621,0.0471,3.8106,5.587,0.0194,10.0447,10.9577,0.0158,12.3595,13.0496,0.0109,1.0946,2.6827,0.0106
114,14.8113,19.5614,0.9972,-0.202,4.7316,0.7033,14.9786,17.9387,0.284,0.1028,5.5972,0.1744,10.4337,12.4281,0.0921,10.5571,12.3088,0.0786,-0.158,11.0936,0.0335,3.7601,5.4839,0.0297,-1.2396,18.3997,0.0238,0.7117,2.4497,0.0126
115,0.0549,4.3749,0.9419,-0.013,3.4597,0.9214,6.8884,8.0435,0.7789,-0.1409,1.5189,0.4359,1.6746,3.06,0.2652,3.3834,4.2438,0.2638,3.1034,4.0363,0.0485,1.3583,4.2946,0.0479,-0.7114,4.871,0.0257,5.231,5.9624,0.0104
116,0.2842,15.6198,0.8579,7.7727,15.1309,0.7973,0.9121,7.4278,0.7699,8.9284,15.418,0.6381,4.9976,7.1137,0.5944,0.1715,11.2282,0.4972,-0.0345,1.7314,0.3865,-0.9124,17.2884,0.1733,13.8222,15.8189,0.0551,19.3158,22.3987,0.0282
117,8.3802,13.943,0.9451,-0.0933,5.4712,0.8072,-0.1021,13.8948,0.4643,-0.3797,2.7451,0.3516,11.4079,13.8951,0.2254,6.2433,7.473,0.2119,0.534,2.7059,0.0396,8.3305,10.1069,0.0304,3.2594,4.6002,0.0289,0.5548,3.5606,0.027
119,7.6924,15.5133,0.8202,20.0742,23.8013,0.7812,5.8113,11.6059,0.7354,0.0054,2.8786,0.6405,19.9277,21.9448,0.5447,13.8425,16.1831,0.3569,0.828,2.5623,0.3145,0.5273,20.9966,0.0862,8.3142,9.7776,0.0807,2.6518,4.2823,0.0393
120,0.5607,5.3062,0.9944,-0.1448,1.5307,0.2394,-0.2564,13.6019,0.2165,5.9983,8.8206,0.1872,3.3392,5.063,0.154,12.6199,14.2154,0.1492,0.9479,9.5473,0.135,7.0333,8.7712,0.083,0.6386,1.4812,0.0496,11.71,13.2373,0.0199
121,16.7008,22.0816,0.9962,9.0714,11.5703,0.139,8.6444,10.7277,0.0749,17.1395,19.206,0.0457,19.0456,20.6598,0.0308,20.5693,21.5582,0.0285,19.9675,22.5539,0.0235,16.6263,17.9304,0.0198,5.3628,7.3311,0.0056,0.5461,1.8151,0.0037
122,12.9602,14.8557,0.9497,18.6781,20.125,0.4506,15.7765,17.262,0.1133,18.6623,19.9081,0.0586,15.7737,17.0283,0.0465,12.3563,13.5186,0.0374,7.269,8.9621,0.0327,-0.0294,1.2879,0.022,4.6509,6.8233,0.0169,6.6051,17.6961,0.0079
123,0.3351,9.4706,0.9857,0.0651,11.3987,0.5653,-0.4437,19.5342,0.3248,14.0328,17.3583,0.1073,-0.3881,2.1448,0.1022,-0.3488,13.6198,0.0979,16.104,17.4859,0.0969,8.6466,10.1333,0.0816,5.6471,9.1937,0.0264,8.3674,10.7665,0.0193
124,0.5138,9.5782,0.8431,0.1949,6.4049,0.4477,-0.8014,3.846,0.4231,-0.4974,10.5386,0.2669,1.859,4.9163,0.2241,5.7571,8.8897,0.2002,10.2622,12.0042,0.1912,-0.0981,1.9215,0.1435,3.9857,4.808,0.095,7.2095,8.9006,0.0319
125,20.9238,25.8627,0.9984,19.6714,21.959,0.0191,24.0727,26.7,0.0169,21.0544,22.6239,0.0164,23.8548,26.1067,0.0146,16.6893,19.0025,0.0091,6.7722,9.2874,0.0091,14.6458,15.9776,0.0062,4.9975,7.9783,0.0056,0.6586,2.8088,0.0055
126,0.0939,7.5733,0.8593,-0.3446,15.5909,0.6697,7.4453,14.4205,0.5698,0.1407,9.1444,0.3227,0.2348,11.7258,0.2222,-0.1728,1.8092,0.1699,12.9854,14.8583,0.1201,4.6706,6.8341,0.0529,7.531,12.6243,0.0399,7.6175,9.3149,0.0241
127,6.7245,11.2266,0.9505,4.7416,6.8725,0.2022,9.5778,10.9052,0.1209,12.8131,14.6923,0.1121,4.1415,15.5844,0.068,3.9613,5.8423,0.0354,15.304,17.1759,0.034,0.9791,2.1875,0.0204,6.8677,8.784,0.016,7.2078,11.2499,0.0084
128,16.732,20.9378,0.9993,15.3064,16.6819,0.0455,2.5889,7.1318,0.0286,19.5306,21.313,0.0263,19.0242,20.587,0.0247,14.9359,16.0044,0.0238,20.311,21.3447,0.0165,8.2094,9.9629,0.012,19.2091,20.3872,0.0098,0.5874,2.4631,0.0089
129,10.4653,17.4459,0.9642,13.5873,17.6765,0.8575,1.1556,7.0198,0.4551,1.6811,18.4239,0.2503,9.9814,13.7214,0.0711,-0.2293,1.6307,0.0629,8.5367,10.305,0.0611,5.341,7.6954,0.0538,0.7142,7.2173,0.0297,1.1499,10.3251,0.0138
130,14.6588,19.4812,0.9896,0.2909,5.1784,0.8529,-0.2852,6.1477,0.4744,11.8163,13.475,0.135,16.8349,19.5083,0.0853,9.2698,10.7095,0.0836,-1.0552,18.841,0.0485,2.6466,3.5107,0.0437,1.5026,3.2289,0.023,4.1195,5.7899,0.0138
131,8.4562,10.0725,0.993,9.1793,10.1081,0.0202,6.0755,6.9079,0.0171,0.3262,1.1683,0.0128,3.7445,4.3363,0.0099,9.2783,9.8106,0.0092,0.7249,1.8254,0.0091,2.9196,3.7576,0.0039,6.8582,7.722,0.0037,5.3013,6.0557,0.0015
132,7.1579,12.2738,0.999,6.5626,8.7377,0.1427,11.1457,12.3399,0.0985,17.9273,19.1223,0.0105,4.8905,6.092,0.0105,7.7856,10.1288,0.0065,5.672,6.8143,0.0048,13.7837,15.2068,0.0039,1.8011,3.0076,0.0035,0.6177,1.5924,0.0026
133,-0.0927,13.4854,0.8222,11.424,13.9098,0.7967,4.3894,11.5436,0.3609,9.1052,13.7858,0.2555,7.327,9.7241,0.1839,0.0323,1.7001,0.1676,0.5515,7.3355,0.1522,0.5127,4.3649,0.0868,3.7668,6.6388,0.0716,1.3847,12.186,0.0692
134,-0.0276,3.3246,0.9967,1.896,2.8724,0.342,21.44,23.8607,0.1287,0.2978,1.4935,0.0996,8.068,9.5644,0.0567,9.8856,11.8018,0.0356,19.721,21.9882,0.0351,0.4208,1.1587,0.0297,16.166,17.7954,0.0215,3.6909,21.6476,0.0058
135,-0.0405,3.1937,0.9968,1.8625,2.8283,0.0697,0.8776,2.4651,0.0451,4.7643,5.7531,0.0323,1.3465,2.9876,0.0137,3.502,3.9086,0.0077,2.7415,3.6998,0.0056,5.8804,6.5743,0.0055,7.9257,8.5059,0.004,17.2582,18.32,0.004
136,18.7,23.9493,0.9984,18.6234,21.0811,0.138,8.7221,11.3637,0.0721,9.6947,13.0442,0.0585,22.5212,24.2069,0.0252,22.2259,23.4639,0.0244,0.1859,2.3552,0.0223,18.3935,19.9298,0.0221,22.3945,22.9299,0.0212,8.4604,9.5882,0.0103
137,9.2799,19.7556,0.9733,1.4816,24.9593,0.6168,24.4818,26.134,0.5912,17.742,21.0357,0.3249,5.2444,19.6129,0.2774,0.1673,3.2484,0.2417,9.733,15.1787,0.235,7.2531,10.2226,0.1429,1.4984,4.9579,0.0706,2.9122,11.4413,0.0472
138,10.3459,16.2454,0.9256,10.896,15.3963,0.8406,10.5421,11.8005,0.1354,16.7226,17.8619,0.1342,0.1469,2.9998,0.0859,13.2949,14.419,0.0344,8.306,9.554,0.0321,0.8701,3.4674,0.031,4.3874,17.0656,0.0261,15.6913,17.4743,0.0226
139,10.0648,13.5493,0.9661,16.7128,18.7024,0.9195,2.7879,7.4676,0.8152,21.2712,21.979,0.7126,14.6669,15.7628,0.6173,4.8744,6.3582,0.4908,-0.3629,21.5961,0.3696,-0.192,0.8801,0.3125,0.8362,3.8495,0.0783,1.992,3.2975,0.0726
140,11.1556,17.4978,0.9433,1.7131,9.1311,0.7625,-0.5548,19.2252,0.7227,-0.3178,2.7799,0.452,37.9186,39.975,0.4287,15.535,18.4418,0.3958,0.2354,2.6679,0.131,20.7023,24.8404,0.1145,32.6383,37.2378,0.0949,-0.67,38.8484,0.0796
141,15.0171,20.6206,0.877,15.0024,17.809,0.6166,4.8893,10.656,0.5276,-0.1494,23.6823,0.4938,2.5267,8.007,0.4296,1.8796,12.9691,0.427,10.0804,12.7968,0.3921,19.8598,21.6924,0.3174,-0.1141,2.2562,0.3061,0.4283,15.0415,0.2893
142,3.0369,8.8456,0.997,5.0377,8.5885,0.3785,10.1853,12.1473,0.265,-0.0795,1.7568,0.247,12.5693,14.6842,0.1887,18.4013,20.7198,0.166,15.6614,19.9277,0.1273,0.4414,2.0053,0.0771,-0.096,1.2768,0.0708,-0.3049,21.5806,0.0451
143,2.8759,5.6245,0.9965,5.7094,6.9781,0.0457,2.7206,3.7442,0.0437,5.0387,6.1024,0.0354,-0.1453,1.2775,0.0236,-0.055,1.1029,0.0191,7.8271,9.2954,0.004,16.1866,17.0135,0.0034,2.9359,4.3599,0.0029,11.7166,12.5853,0.0024
144,10.0019,16.431,0.9371,1.9252,6.4745,0.9146,0.5739,8.5319,0.6132,11.4553,14.9891,0.4207,4.7846,6.544,0.3702,0.09,1.7245,0.3061,7.2979,8.863,0.2855,8.6469,10.035,0.2485,0.3541,7.5525,0.1533,0.1469,1.4797,0.072
145,20.9849,26.6139,0.9397,5.1243,13.332,0.4378,0.2534,25.4325,0.409,3.3112,13.286,0.3717,20.4066,23.5533,0.2839,2.1406,10.3717,0.2628,9.9139,14.3814,0.186,14.6992,17.4516,0.0916,0.4309,2.482,0.0309,1.1847,2.8986,0.0109
146,6.9083,9.8352,0.9878,12.7204,15.0718,0.4051,12.7341,14.5321,0.3721,0.7827,10.7647,0.3288,0.9287,3.9265,0.3109,10.3983,11.3464,0.2696,0.0966,1.4535,0.2431,-0.7688,14.9215,0.2374,4.5539,5.7603,0.2275,-0.0294,6.6999,0.1714
147,7.7318,12.867,0.7397,3.4181,7.7421,0.4606,1.9683,17.9438,0.4097,2.4465,7.3254,0.3338,7.6474,10.3511,0.2966,2.5802,10.8352,0.2221,2.2417,14.2978,0.1792,14.3022,17.0323,0.1654,9.8402,13.5502,0.0999,-0.0437,2.2468,0.0283
148,8.6371,19.4293,0.8887,3.1501,18.462,0.7503,11.0283,18.1593,0.2949,12.675,19.3159,0.2015,-0.1023,1.1931,0.0376,7.7629,11.9568,0.0322,2.8688,6.0747,0.0315,6.0855,16.2414,0.0238,3.8487,14.0089,0.0097,17.4869,19.0813,0.0058
149,-0.0356,7.5416,0.9989,10.8061,12.8421,0.0761,9.2194,11.9918,0.0619,0.6654,3.0282,0.0307,4.0025,5.5789,0.0223,-3.0442,23.8604,0.0132,4.0574,5.68,0.0102,12.9588,15.7838,0.0052,18.766,21.8441,0.0047,23.529,27.1307,0.0045
150,16.774,18.0175,0.9487,0.5657,1.3779,0.0459,15.7592,16.785,0.0394,11.9269,12.9466,0.0216,0.1092,1.7959,0.0173,9.974,11.0309,0.0172,0.2669,0.5811,0.0092,0.216,0.6531,0.006,6.0098,7.0332,0.0041,1.0908,3.1027,0.0024
151,12.4994,19.9161,0.9856,17.1954,19.7354,0.6218,12.5659,15.3514,0.4644,17.3058,18.6451,0.1801,4.9489,6.472,0.1157,18.0943,19.4764,0.0855,5.0105,7.0616,0.0754,11.1665,12.2387,0.0728,1.0795,2.2139,0.0274,16.9033,19.201,0.0177
152,0.0367,6.3301,0.963,23.9465,29.6925,0.4002,0.3327,9.6436,0.3056,6.9105,9.0301,0.0846,13.8751,16.7213,0.0722,15.3346,19.1551,0.0515,-2.7747,17.2054,0.041,20.4392,25.323,0.0356,2.6278,4.9489,0.0253,-1.689,24.6454,0.0162
153,0.1757,3.4649,0.9985,0.9937,3.0422,0.0554,21.318,24.4689,0.0524,0.9046,3.3664,0.0351,6.6051,7.6676,0.0333,2.4539,3.9745,0.0191,14.1097,17.2438,0.0087,13.9474,15.5535,0.0073,19.4364,22.3302,0.0069,10.8043,16.9474,0.0028
154,10.6494,11.9692,0.989,7.1599,8.0859,0.1554,4.9579,6.2318,0.1229,9.5511,10.4651,0.0875,0.5965,1.6193,0.0804,8.1797,9.0496,0.0733,1.715,3.0058,0.045,2.4191,3.1716,0.017,1.0985,1.5316,0.0163,2.0218,8.5137,0.0104
155,20.2335,25.2637,0.9934,14.9822,17.3672,0.4965,-0.8068,4.9816,0.4354,15.9991,18.5543,0.4336,7.7887,11.309,0.3188,12.5831,14.3992,0.3132,-0.7495,24.1885,0.2369,2.6664,5.1972,0.1035,2.73,9.4427,0.0359,1.0214,3.8674,0.0294
156,21.6486,30.7622,0.9696,21.6522,31.4501,0.875,20.7098,24.1832,0.0339,33.709,36.8473,0.0318,0.7662,3.9201,0.0247,1.3692,4.6787,0.015,16.377,20.7008,0.0133,7.1716,29.6147,0.0102,13.8413,26.6698,0.0075,4.4514,6.9829,0.0055
157,15.3967,30.6736,0.8093,-0.709,31.2039,0.5793,6.7837,14.6918,0.3836,1.629,16.5736,0.2969,24.1363,30.3982,0.2533,2.5395,10.7308,0.2164,12.342,15.9314,0.209,-0.2297,3.5834,0.2019,1.8274,20.7534,0.1902,14.9483,22.4155,0.1452
158,2.4411,4.8596,0.7538,9.6945,12.1658,0.5013,0.0715,1.4322,0.0597,2.4586,3.6076,0.0505,5.2495,6.0509,0.0498,5.2214,6.0772,0.0274,1.4639,2.7463,0.0145,1.9131,3.3566,0.0131,8.8936,10.2027,0.0075,3.2066,5.3798,0.0037
159,6.1943,8.2188,0.822,7.8756,9.2737,0.74,4.8882,5.9581,0.6518,5.7582,7.4291,0.5159,2.2232,3.1112,0.2578,0.7758,2.8103,0.2537,0.1547,1.2713,0.2434,1.6755,9.5685,0.2294,4.8337,6.7225,0.1637,1.0199,6.3673,0.0928
160,1.5889,8.7404,0.9845,0.0362,1.652,0.1912,20.4636,24.7557,0.1777,-0.329,23.493,0.1431,12.7902,17.2676,0.1197,6.7064,9.3451,0.0917,9.9721,13.1762,0.0645,16.5616,21.4698,0.0598,1.3056,4.8316,0.0261,0.7457,2.6629,0.0177
161,2.4228,5.1178,0.9958,-0.0811,1.2627,0.1438,1.3369,2.6122,0.0621,4.2426,5.094,0.0419,0.6609,1.2218,0.0382,3.9008,4.8003,0.0228,1.066,1.546,0.0153,9.7915,10.9547,0.0051,4.5852,5.1548,0.0051,1.8825,2.3585,0.0031
162,10.9147,15.3366,0.9891,11.1546,12.118,0.0806,15.1634,15.9236,0.063,5.646,6.8342,0.0513,14.0972,15.1822,0.0279,14.1501,14.9408,0.0177,14.6086,15.8998,0.0146,8.9215,9.843,0.0049,4.8343,5.7983,0.0036,0.4298,1.3133,0.0033
163,6.7803,8.8673,0.9893,6.3347,9.0032,0.8974,3.51,4.7785,0.7439,5.5077,6.8989,0.7325,0.5451,1.1627,0.4323,12.954,14.5499,0.4309,7.1676,8.0967,0.2883,1.2387,2.1871,0.105,0.519,0.8908,0.0444,-0.1985,0.8295,0.0246
164,26.0042,28.5957,0.9877,17.9412,23.0301,0.9688,24.8961,27.0728,0.9045,-0.2267,2.2137,0.1445,26.2451,27.9936,0.1316,8.4725,11.2181,0.122,22.7312,24.695,0.1101,16.4656,18.5911,0.0997,9.637,11.5739,0.0634,8.5795,18.1286,0.0081
165,2.5946,9.9469,0.7474,4.6868,10.1168,0.5554,7.0673,9.7352,0.4913,4.0156,7.5507,0.3826,3.1473,8.314,0.2837,2.5575,4.1123,0.1019,3.4698,7.7378,0.092,2.2549,3.5498,0.0153,3.0204,5.3822,0.0109,0.2596,0.9944,0.0061
166,14.8525,16.0447,0.9906,10.9008,12.7966,0.1307,-0.1606,2.5359,0.0848,11.3291,13.629,0.0722,0.7707,16.043,0.0557,3.8435,5.7639,0.0552,1.2436,4.7691,0.0392,0.6613,6.1733,0.0272,8.8923,10.0941,0.0251,4.632,10.9896,0.017
167,0.129,3.4033,0.9976,2.0583,2.8701,0.0965,10.3604,12.5009,0.0648,19.053,21.5604,0.0635,4.9856,5.7368,0.0339,13.1301,19.7135,0.0312,11.6656,15.5901,0.0295,6.9865,7.9911,0.0216,2.6249,10.0233,0.0133,1.2174,1.9589,0.0107
168,22.6926,24.9276,0.997,22.4805,23.8508,0.3574,1.815,6.7996,0.3088,20.1482,21.4722,0.1929,0.6201,2.9496,0.0767,0.2963,1.4404,0.0447,22.4527,25.0452,0.0363,7.7705,10.2081,0.0242,14.1961,15.9779,0.0178,6.8289,7.9625,0.01
169,-0.1264,5.5447,0.9931,0.1753,1.4088,0.1524,3.8531,6.3958,0.1303,5.6917,8.1734,0.0902,-0.5042,29.4617,0.0667,12.2307,15.0886,0.0665,25.9117,28.4847,0.029,18.2273,26.5566,0.0252,14.8396,17.4921,0.0195,1.0559,2.59,0.0134
170,24.3987,30.0268,0.9234,-0.0205,4.3135,0.3938,12.7331,16.5666,0.3661,-0.2914,14.1521,0.3494,10.2179,13.6308,0.3002,1.5471,8.0609,0.2956,-0.5042,29.4633,0.1993,-0.3901,19.1782,0.1728,17.7757,21.0726,0.1483,23.4921,26.0913,0.1128
171,0.1575,11.7737,0.8714,-0.4846,5.5297,0.8573,5.9882,11.5348,0.6025,5.3486,10.0633,0.3917,9.1488,11.6369,0.3656,0.0161,8.5908,0.3248,0.0554,6.1048,0.3007,-0.3862,2.0252,0.172,4.7539,6.1105,0.1708,3.5501,4.9868,0.1579
172,4.5233,14.7402,0.9947,26.1577,29.2549,0.8522,24.0968,26.081,0.0527,-0.4798,1.613,0.0443,14.9629,17.0656,0.0325,28.1838,29.5133,0.0279,9.06,13.4113,0.0274,13.3526,15.9054,0.0141,5.7176,8.2851,0.0108,1.9208,3.1621,0.0105
173,12.9522,18.9732,0.9699,30.2848,35.6443,0.9163,29.2387,32.7159,0.812,38.8538,42.0097,0.7849,23.0169,25.8836,0.5384,0.2269,5.2183,0.4228,-0.5647,41.4244,0.4059,2.6827,5.6529,0.1616,0.1907,27.4982,0.0475,5.4036,8.0737,0.023
174,-0.8658,2.5516,0.9859,8.2836,10.0088,0.046,4.2621,5.2539,0.0414,0.7441,2.8781,0.0311,0.259,0.9619,0.0241,1.9175,2.7574,0.0228,6.3088,7.8974,0.0208,4.0804,6.9742,0.0133,1.4006,2.3732,0.0073,-0.0304,9.1483,0.0055
175,11.16,21.5845,0.9765,0.102,3.13,0.9414,8.7478,20.4863,0.9144,1.3823,2.8311,0.7051,20.0319,21.6665,0.406,8.3554,10.2974,0.3089,-0.0489,1.0109,0.2899,8.5112,14.4146,0.2477,0.7847,3.0252,0.1204,1.8905,21.1686,0.0285
176,14.8028,27.8827,0.9803,0.049,3.0319,0.2225,13.7023,18.4739,0.1777,29.8021,34.5474,0.0921,5.3053,37.8527,0.0895,21.1142,28.2007,0.083,4.4866,9.7177,0.0786,38.8235,41.9159,0.0721,10.3103,29.9658,0.0287,15.4079,20.0899,0.0187
177,21.343,23.6621,0.968,16.5687,18.9306,0.908,15.2349,17.8447,0.9028,0.0541,3.1321,0.8968,22.5953,24.2691,0.7682,3.3773,25.8815,0.3602,10.0302,11.3038,0.1766,0.8261,2.6811,0.1686,3.1145,4.8897,0.1313,1.1227,2.1159,0.0486
178,1.5607,12.0102,0.8019,24.3229,25.9833,0.702,1.6574,13.9173,0.5002,0.3421,18.1196,0.4279,5.0825,11.0132,0.3177,13.8375,16.7778,0.2134,-0.0656,2.4494,0.2063,22.8738,24.5291,0.2036,15.1542,17.9796,0.1786,2.4847,28.0017,0.0408
179,0.4977,3.332,0.9981,12.7609,14.0496,0.2119,3.1449,4.07,0.0557,0.1779,1.4444,0.0257,1.3966,2.9895,0.0178,0.8108,2.5933,0.0148,6.8295,7.6513,0.0134,11.4687,14.2801,0.0108,9.9995,11.1594,0.0052,6.5957,7.5206,0.0031
180,0.312,6.2367,0.9979,11.4854,14.7696,0.5214,19.8905,23.8295,0.2546,-0.313,2.6356,0.2213,21.2591,23.5589,0.1022,14.1937,16.4898,0.0929,3.028,5.2441,0.0841,-1.0473,29.7069,0.0283,1.5833,3.1731,0.0276,27.4092,29.5771,0.0087
181,0.1634,3.0314,0.993,5.9908,8.5788,0.3033,2.0561,3.3901,0.0734,5.2136,6.7746,0.0678,16.5593,18.1622,0.0295,-0.8195,17.093,0.0255,0.4585,1.372,0.0236,1.4542,2.4004,0.0099,7.0393,7.9535,0.0076,13.9193,15.7135,0.0065
182,-0.446,6.6377,0.9216,1.7356,7.0398,0.0967,-0.4116,2.3298,0.0842,-0.3573,6.3707,0.0732,10.6719,12.0752,0.0512,5.2604,7.0628,0.0193,0.4321,3.2889,0.0104,8.9761,10.0932,0.0069,-0.0893,10.4467,0.0057,4.367,5.5448,0.0048
183,11.9443,25.6379,0.9785,30.3062,35.642,0.9107,12.8,24.4445,0.9088,26.4978,28.7988,0.4334,12.4704,15.3458,0.4047,33.307,35.2524,0.3188,1.2273,4.4763,0.0792,10.2385,33.5662,0.0493,21.2972,23.9585,0.0275,28.8497,31.2753,0.0219
184,12.033,20.2352,0.928,12.0442,21.7564,0.8699,22.4026,25.5677,0.4594,5.9538,26.9179,0.4317,25.3659,28.9079,0.3233,10.594,12.9709,0.2599,3.5059,7.5493,0.0932,5.4626,21.8533,0.0612,0.4454,3.0141,0.0406,4.1737,6.8465,0.0105
185,14.7992,16.0987,0.949,6.7874,9.0653,0.8249,6.9003,7.8691,0.3991,9.3052,10.5469,0.1387,15.2606,16.3745,0.0784,2.3962,5.1139,0.0595,0.9375,2.281,0.033,13.2347,14.7237,0.0314,7.4118,8.2902,0.0219,13.2669,14.3609,0.0153
186,16.741,18.8395,0.9912,8.9255,15.4797,0.9895,3.5606,15.417,0.2878,-0.3309,3.0442,0.1683,1.0518,7.6034,0.1579,0.2324,11.6504,0.1352,0.6873,17.9485,0.0596,8.7834,11.9409,0.0522,13.9224,15.3149,0.0413,7.3845,9.1875,0.021
187,3.0976,13.1833,0.8895,-0.3689,41.4764,0.654,-0.0642,28.3065,0.5778,-0.0692,21.8119,0.5117,0.8393,5.2014,0.3786,11.4523,15.889,0.3243,15.3013,22.696,0.2752,30.9134,38.5308,0.2663,22.4502,26.8498,0.2352,38.4135,42.1243,0.221
188,2.7178,7.0168,0.9462,1.4725,6.4182,0.5597,29.7253,32.125,0.5531,5.9992,7.5582,0.1132,16.4655,19.1637,0.1048,-0.1793,1.2183,0.0705,-0.2155,1.7473,0.0485,27.0662,29.2237,0.0304,23.4196,25.8842,0.0288,28.7912,31.9424,0.0267
189,51.7034,60.0356,0.869,42.5719,48.8663,0.7801,17.4211,34.5724,0.6803,62.9423,69.8306,0.5846,26.0512,40.3329,0.5016,-1.518,67.9411,0.4182,5.0474,51.2792,0.3601,-0.2466,8.8236,0.3406,7.3423,38.7423,0.319,5.2529,14.7449,0.2111
190,19.1399,31.602,0.9062,3.6663,31.575,0.801,18.5242,23.6313,0.3184,13.5383,16.6562,0.3167,26.9224,32.1837,0.246,10.7342,15.3234,0.1997,4.814,22.198,0.1108,4.2919,16.8271,0.0996,3.7568,9.2018,0.0874,0.5131,3.5396,0.0494
191,-0.0173,3.6415,0.9946,14.1808,16.0671,0.6424,3.5499,4.7313,0.0881,-0.4966,15.4963,0.0866,11.1685,14.3369,0.0708,6.4972,8.5756,0.06,9.9238,12.1864,0.0557,2.7729,3.9603,0.0219,0.3795,1.4963,0.0177,1.5096,2.7687,0.0092
192,5.7828,8.3953,0.9912,12.9726,15.7548,0.0947,7.5213,8.4771,0.0465,12.6211,14.1762,0.0433,12.7591,14.6063,0.0295,0.0881,1.3094,0.0263,6.6694,7.5048,0.0239,3.0286,4.5171,0.022,6.1115,7.8515,0.0118,0.9425,13.5272,0.0097
193,-0.1434,2.9845,0.9971,0.363,3.1906,0.6624,5.31,6.6063,0.6596,4.5635,5.3004,0.2761,9.5394,12.0014,0.2623,8.9669,11.5472,0.2119,6.752,7.4332,0.1173,0.2172,1.0672,0.066,3.7425,4.4117,0.0213,2.8735,3.7783,0.0155
194,14.478,21.0761,0.9976,12.3701,15.6754,0.2674,18.5231,20.5196,0.153,10.4032,13.2326,0.1259,3.2935,7.5142,0.0293,12.5015,15.9792,0.0259,13.3341,18.3609,0.0151,0.3831,3.2014,0.0138,21.1596,22.567,0.0113,8.9686,17.9697,0.0083
195,17.592,23.2008,0.9916,13.2735,16.3214,0.8946,18.878,23.0832,0.5085,10.0527,25.9463,0.1831,0.0421,1.6322,0.0928,7.7792,10.7935,0.0693,15.2097,17.6528,0.0286,21.052,23.4605,0.0148,1.7766,4.0835,0.0143,32.6479,36.0109,0.0122
196,0.0467,2.9868,0.9926,4.9206,6.8144,0.0565,1.1428,2.0018,0.0171,1.0174,1.9221,0.0092,5.9694,6.9082,0.008,13.9365,15.0531,0.0072,7.2929,8.3363,0.0066,0.7129,1.5781,0.006,1.1154,5.9405,0.0058,9.3394,9.974,0.0033
197,34.3655,55.699,0.8839,45.7066,55.8795,0.8605,-0.0113,55.8327,0.5873,24.5861,35.0857,0.5133,28.6793,41.2857,0.298,17.6154,21.9612,0.0713,0.4976,6.009,0.0594,4.5382,17.1635,0.0587,4.3135,36.295,0.0367,3.2403,8.3717,0.0184
198,19.6366,28.8197,0.9987,20.2454,25.7176,0.0832,18.5943,20.579,0.0743,2.1659,7.6529,0.0348,0.3598,3.0298,0.0152,30.1127,31.2844,0.0095,23.0918,24.3006,0.0076,23.1757,27.7918,0.0071,10.3129,12.6097,0.0048,27.4146,28.5356,0.002
199,8.8999,13.1759,0.9916,21.02,25.1878,0.2154,27.0941,28.0016,0.1954,11.3907,12.4855,0.0373,11.4355,12.5205,0.0357,9.4373,10.922,0.0308,11.6626,12.9811,0.0307,22.4209,24.5546,0.0194,1.8061,4.7727,0.0109,2.9004,4.087,0.0082
200,4.2453,25.6026,0.9396,17.1085,25.5927,0.6538,4.6766,12.7233,0.5876,21.1516,26.0965,0.4687,5.2501,14.7303,0.1677,10.5894,15.0623,0.1526,4.1447,9.5923,0.141,-0.2999,2.5546,0.1378,3.7633,17.7464,0.1185,13.7645,17.8838,0.0493
201,19.5696,30.1954,0.898,-0.0519,6.0957,0.8802,23.1027,30.0456,0.7316,-0.3775,29.6154,0.3099,16.1342,20.244,0.2026,0.0346,4.2973,0.1988,1.2946,7.1651,0.1865,13.9951,16.5572,0.0918,0.8792,5.992,0.0777,5.9352,8.0813,0.0689
202,3.8331,7.63,0.9972,2.5737,5.5835,0.5423,29.593,34.0305,0.5046,7.0384,8.704,0.0876,27.9482,30.3388,0.0281,0.0604,1.2076,0.0182,2.1616,4.2182,0.0109,24.5846,26.255,0.0105,17.8638,19.7777,0.0089,27.1231,30.6009,0.0047
203,16.7016,38.2048,0.964,2.8397,9.1108,0.813,31.4715,39.4817,0.5884,12.3601,17.7131,0.5398,18.1668,27.5285,0.462,0.5925,35.5831,0.3999,-0.0637,3.9361,0.3789,37.8053,41.9186,0.3758,2.759,17.5651,0.2457,-1.6056,33.9073,0.1795
204,8.0121,19.6264,0.9937,17.3045,21.7876,0.4468,38.1347,40.1507,0.4092,-0.0568,3.7974,0.2085,7.3273,11.4043,0.1894,20.5309,23.3761,0.1462,31.3323,34.8745,0.0308,-0.9878,35.4237,0.0169,11.8243,15.7503,0.0128,10.044,12.5345,0.0114
205,0.0825,3.3677,0.8635,28.7548,32.1669,0.7519,12.1122,20.0641,0.6805,-0.2721,16.8974,0.5332,22.3303,30.9413,0.5309,-0.0325,31.8604,0.4252,0.4485,8.855,0.2937,-0.4271,22.8421,0.2812,16.7481,20.5264,0.1558,7.6616,12.0945,0.1356
206,28.8942,46.6264,0.9827,30.1077,43.8281,0.6854,24.93,35.5905,0.4572,20.2956,25.9061,0.2331,5.5455,19.1017,0.156,0.0473,3.5367,0.1287,51.9085,55.5252,0.0736,0.4925,3.1593,0.056,-0.2423,7.5519,0.0148,-3.3728,23.1462,0.0085
207,27.7117,39.0324,0.9024,26.6108,33.7601,0.8896,5.8203,10.6827,0.4967,37.0042,41.0361,0.1791,22.7007,26.7436,0.1748,-0.2448,3.0336,0.1098,2.1631,42.4703,0.0811,12.8192,16.7215,0.0781,3.8637,8.4769,0.0333,9.7741,12.9929,0.0279
208,24.2151,28.8073,0.9903,3.7512,6.3038,0.5178,24.4,27.9785,0.2727,4.1725,6.4218,0.1419,27.8845,30.1196,0.0332,10.2899,12.9261,0.0215,-0.0564,1.4936,0.0163,40.2323,42.8009,0.0103,22.5006,25.1385,0.0073,12.4142,13.8549,0.0039
209,6.8352,11.3844,0.9955,1.7194,3.711,0.4104,0.2015,1.6733,0.1389,8.3549,10.5133,0.129,0.2037,1.6178,0.0201,8.4791,10.3042,0.0123,8.2065,9.4264,0.0051,21.9975,23.0352,0.0045,2.2022,3.9483,0.0036,17.3221,19.2845,0.0026
210,82.4544,89.4481,0.9474,57.812,72.3939,0.8973,43.6215,52.6422,0.8944,70.9108,75.8812,0.7871,41.4604,47.0329,0.2159,33.9252,89.5662,0.1671,86.0799,88.7818,0.0716,72.3688,76.6379,0.0612,32.2266,38.1987,0.0307,3.366,10.5837,0.0275
211,58.7825,64.1109,0.968,27.987,35.0,0.723,20.2476,25.3111,0.603,52.9043,57.956,0.5796,43.0945,48.218,0.3294,16.3938,22.4198,0.2823,-0.3344,5.7759,0.2244,4.9357,6.5704,0.0291,4.6286,60.345,0.028,17.8957,21.1462,0.0246
212,3.5465,10.8003,0.9994,-0.1464,2.0383,0.1502,7.3439,10.7615,0.0734,-0.1941,1.2469,0.0608,0.0332,1.7956,0.0352,29.3783,32.786,0.0182,8.1536,9.8094,0.0158,12.5457,14.6502,0.0094,20.318,23.3348,0.0074,2.5997,4.1058,0.0051
213,10.9183,14.0496,0.9922,-0.0484,2.9736,0.9848,1.1921,2.4111,0.0673,11.1121,12.5427,0.0407,7.1556,7.8572,0.0398,0.2468,1.3377,0.0381,9.4151,10.3058,0.0356,12.778,14.24,0.0313,2.8794,3.7845,0.023,3.7934,4.5392,0.0047
214,0.2138,3.3088,0.9948,0.6407,5.6691,0.1791,4.759,6.6907,0.1292,8.9738,10.5831,0.0388,8.6849,11.9813,0.0314,-1.5576,14.8752,0.0304,10.7887,13.0359,0.0217,1.1017,2.8265,0.0147,1.6828,3.2397,0.0142,15.3761,17.7749,0.007
215,0.8367,15.5932,0.8376,7.294,15.391,0.4777,3.6625,9.1174,0.38,10.1961,12.7677,0.3,1.2092,7.4158,0.2931,0.9173,11.41,0.2155,0.537,19.4503,0.1625,18.1867,19.7242,0.1489,11.8776,17.0038,0.1432,-0.3312,2.8547,0.075
216,-0.0986,21.8368,0.9788,9.1912,21.3519,0.7912,18.3988,21.5976,0.3078,-0.1753,2.1539,0.1537,0.4139,9.6834,0.1516,6.984,13.2351,0.1322,0.41,5.8194,0.1262,8.5548,16.1666,0.0949,5.7749,8.0379,0.0835,0.026,12.9938,0.0813
217,12.3563,25.6772,0.9696,19.6425,26.6748,0.4143,-0.1634,2.8785,0.2205,11.1919,15.1307,0.1365,11.3609,18.9684,0.0981,21.7945,25.1288,0.0902,5.3945,25.2239,0.0784,10.2228,12.4802,0.0462,1.2666,4.9525,0.0335,12.123,15.9921,0.0268
218,28.6864,33.8882,0.9965,36.1791,38.0648,0.6973,28.2518,30.2901,0.6566,36.195,37.6397,0.2496,19.0302,22.0604,0.2083,1.8276,35.8378,0.1925,0.3304,4.8224,0.1907,2.729,10.798,0.0844,13.748,17.2885,0.0426,4.1969,5.6041,0.0148
219,20.8119,22.0584,0.9874,20.0578,23.0614,0.0265,20.7905,21.6617,0.013,20.7278,21.2896,0.009,18.7113,19.7037,0.0047,12.2824,13.3802,0.0034,15.826,17.1916,0.0029,11.1853,12.001,0.0025,7.0432,8.4304,0.0022,0.7356,1.2839,0.0013
220,25.6028,31.0766,0.9963,2.0826,4.9693,0.3682,10.056,13.8358,0.3338,28.6088,30.899,0.3083,24.8603,27.6804,0.3082,35.3756,38.1277,0.3014,6.6583,11.8208,0.2962,0.6338,1.8772,0.0759,5.8757,6.6167,0.0322,-2.0616,41.5335,0.032
222,10.5082,15.5111,0.9988,16.1283,18.8436,0.1805,10.5705,12.2024,0.0569,14.3379,16.4282,0.0219,15.3679,17.5561,0.0145,8.6947,9.8998,0.0137,13.9601,15.8599,0.0103,3.0241,4.9153,0.0077,0.2395,2.169,0.0067,8.1062,14.6579,0.0027
223,0.1289,5.3112,0.999,3.5436,5.9057,0.1252,-0.1486,2.1591,0.1027,3.6367,5.4366,0.0315,3.7494,6.3055,0.0106,10.2574,12.4366,0.0075,13.9301,15.8071,0.0036,27.7248,30.1306,0.0028,19.7384,22.0947,0.0026,5.5404,7.4491,0.0024
224,6.9552,14.7105,0.9992,26.489,28.2134,0.1283,7.0289,8.6422,0.1053,3.1211,4.976,0.0751,13.9425,15.9159,0.044,12.4926,14.7778,0.0422,10.7736,14.2103,0.0195,11.0997,13.4109,0.0148,18.1036,20.4078,0.0118,13.0084,14.893,0.0062
225,7.941,16.9439,0.9828,19.6395,24.8614,0.7078,-0.0326,3.0484,0.677,5.629,8.5341,0.3508,19.7318,22.2744,0.1988,1.0583,27.0164,0.13,25.3804,28.6331,0.1207,0.8542,2.3701,0.0636,-2.9021,32.4977,0.0522,33.235,35.6688,0.0136
226,8.6222,19.0565,0.9958,8.6458,16.4091,0.5851,7.8468,11.1411,0.2881,16.7321,18.6904,0.0808,23.7452,25.3325,0.0196,8.8014,12.4413,0.0168,3.2939,5.4466,0.0095,12.0946,17.0767,0.0065,0.072,1.9127,0.0064,8.2938,13.0425,0.006
227,0.1742,12.4122,0.9558,0.0409,6.7347,0.7398,0.1405,9.1939,0.5021,2.3635,7.3706,0.4154,-0.1912,2.0972,0.2717,8.0783,10.9692,0.1104,5.9057,7.6499,0.063,-0.5357,12.363,0.0333,13.7785,15.8303,0.0286,11.4602,12.5049,0.0135
228,14.7696,16.7049,0.718,12.8457,14.1998,0.131,15.1549,16.2108,0.0556,14.7978,16.0294,0.034,7.1004,8.4455,0.0126,13.6992,15.5973,0.0094,7.5799,8.6053,0.0037,16.6709,18.8531,0.0032,0.6371,1.6191,0.0029,1.3845,2.4553,0.0021
229,2.08,5.8613,0.7948,6.3702,8.7806,0.6449,1.7201,8.988,0.6108,17.6166,20.1974,0.557,13.9695,19.2452,0.47,-0.1744,19.4881,0.4434,-0.0069,1.1619,0.3848,7.8254,9.6242,0.3169,13.0384,16.0744,0.246,-0.1504,0.8906,0.1092
230,17.438,21.8449,0.6891,15.76,19.4779,0.4373,-0.0216,2.5445,0.2068,10.4786,12.5797,0.1574,15.109,17.7396,0.0888,1.8752,5.2128,0.054,1.0933,4.5255,0.0416,-0.8526,20.2374,0.0309,1.5208,11.0718,0.0236,7.6699,9.4658,0.0235
231,16.5526,20.0979,0.991,8.516,12.691,0.8049,3.2934,19.6667,0.3376,6.357,8.2379,0.054,16.3423,18.0252,0.0509,1.6225,4.8376,0.0402,0.3466,1.6401,0.0372,10.3738,12.7573,0.0317,3.6757,9.5362,0.0227,4.0767,8.7872,0.0175
232,2.5749,5.3182,0.9911,2.0696,4.9343,0.9526,1.8412,3.389,0.2422,4.1892,5.2348,0.2135,20.1408,22.2928,0.1418,0.4042,1.5331,0.1348,17.7127,21.2046,0.1257,10.9643,12.9518,0.0707,14.5621,17.0624,0.0416,-1.6821,13.1004,0.009
233,6.493,13.9476,0.9996,8.4222,12.3911,0.0976,6.3348,8.0401,0.0593,12.9868,14.7255,0.0163,15.488,17.0452,0.0163,0.7475,2.5019,0.0154,2.512,4.3991,0.0133,11.0967,12.5225,0.0078,13.5395,15.4151,0.0056,9.2496,12.548,0.0023
234,-0.2866,4.5427,0.9948,-0.2163,5.6363,0.786,14.3287,17.775,0.2608,12.6067,16.381,0.0923,6.1385,7.5615,0.039,10.0186,12.6504,0.0351,6.1045,7.2975,0.0294,-0.9297,15.8889,0.024,1.9347,3.7525,0.0138,2.0214,3.4916,0.0085
235,-0.1532,3.0293,0.9478,-0.0596,1.922,0.8051,10.7312,12.0311,0.6892,6.4684,9.4544,0.2795,8.0092,9.2742,0.0757,0.0996,1.4066,0.0693,6.0627,7.9552,0.0384,2.4703,2.9279,0.0177,3.322,4.2118,0.0092,4.638,12.2775,0.0053
236,6.7939,11.6532,0.9384,6.9328,12.5901,0.8225,1.5449,5.0699,0.4633,0.637,14.1209,0.3925,11.1273,13.4031,0.2717,6.4866,8.0795,0.1487,0.1119,1.4143,0.1276,2.8669,4.747,0.1153,0.4565,5.9181,0.0468,0.8035,7.5831,0.0202
237,6.7257,13.4578,0.9891,10.0513,13.1456,0.1258,6.7893,10.3524,0.1171,9.4758,11.3818,0.0833,2.2884,5.4142,0.0728,12.5123,13.6941,0.0302,5.9048,7.208,0.0258,10.1661,11.6053,0.016,0.7746,1.7921,0.0098,9.2669,12.4052,0.007
239,11.2977,20.647,0.9901,11.4414,20.0172,0.8078,1.0654,6.697,0.5397,-0.1067,2.9076,0.3823,24.5677,27.826,0.2945,10.6531,12.2008,0.2722,22.3957,24.9929,0.2403,0.0578,20.6841,0.2371,-0.4077,27.4209,0.2042,1.2126,2.7218,0.0254
240,8.2362,10.8059,0.7571,8.8143,10.7826,0.4666,-0.1439,2.9305,0.4046,0.8248,5.1873,0.349,2.8308,4.2805,0.0866,14.4374,16.0168,0.0838,13.1038,14.3739,0.0352,5.9611,9.0625,0.0158,1.5325,14.8536,0.0144,5.4415,7.0879,0.0123
241,-0.045,9.9458,0.9893,0.1828,5.4273,0.2162,8.6561,10.0991,0.1911,2.7802,4.666,0.167,-0.0545,1.088,0.1347,0.8571,3.8958,0.1309,6.1561,10.2183,0.1219,3.8715,4.6028,0.1186,-0.0342,6.1391,0.0987,4.9696,6.7943,0.0377
242,4.843,7.1401,0.999,14.3141,16.1545,0.0932,11.4614,13.7364,0.0287,0.6161,0.9736,0.0175,10.2516,11.5004,0.0124,5.6894,6.5729,0.0122,1.5607,2.1327,0.0071,2.3597,3.6075,0.0041,1.1774,3.2744,0.004,0.7894,1.3935,0.0018
243,3.0305,5.4574,0.9796,11.9475,16.8926,0.3221,10.2461,14.7902,0.0713,0.0614,0.5767,0.0257,2.9635,14.8827,0.0242,9.8703,11.4924,0.0223,2.7922,3.7456,0.02,6.9735,8.198,0.0181,2.7962,4.0885,0.0078,0.3284,1.6346,0.0061
244,-0.1307,21.8583,0.9583,11.4502,22.1063,0.6412,17.2546,22.0168,0.5865,-0.3673,2.8853,0.4598,0.5224,7.1485,0.4517,0.0999,14.3733,0.3017,-0.084,9.7816,0.2924,8.5386,16.7836,0.2072,5.4651,8.3216,0.15,9.1158,11.8615,0.0905
245,0.0381,13.9432,0.8408,-0.3199,15.4644,0.7615,-0.3547,3.7504,0.6123,8.9784,15.2693,0.4781,-0.4361,6.024,0.3077,11.5889,14.8575,0.264,7.6285,11.549,0.109,4.7385,9.1818,0.0328,1.424,8.367,0.0198,8.389,10.977,0.0102
246,4.2889,11.9177,0.9253,5.6155,11.3143,0.7936,4.9779,7.2241,0.1824,4.5757,7.4703,0.1475,9.7981,11.6806,0.0719,4.8008,5.6615,0.0235,5.2143,6.881,0.0109,6.7122,8.9953,0.0107,0.2141,1.4523,0.0043,1.6973,2.9575,0.0034
247,0.1817,9.8951,0.6397,0.4819,18.9839,0.4904,10.8178,19.9188,0.3255,0.8335,13.785,0.1983,9.3328,17.9994,0.1143,5.1798,8.4909,0.1029,-1.0745,3.4614,0.0858,8.323,11.2773,0.0562,17.8787,20.4356,0.0457,-1.5263,20.0013,0.0361
248,2.7623,15.7847,0.9735,13.8075,16.0982,0.5328,4.4288,13.2837,0.4734,7.4458,15.2004,0.2116,3.3067,6.0849,0.0862,0.2915,1.8102,0.0225,5.9885,10.6738,0.0161,1.1196,5.4081,0.0122,2.0986,7.4863,0.0101,2.3153,10.3992,0.0097
249,5.1319,6.9446,0.988,5.152,5.893,0.1706,6.4507,7.1864,0.0662,5.6254,6.1127,0.03,6.1882,6.6982,0.0246,11.2057,11.8718,0.0068,4.994,5.3936,0.0037,1.1068,2.3561,0.0035,10.6061,11.2424,0.0023,0.3968,0.7813,0.0022
250,13.8354,16.0606,0.844,10.6053,14.3573,0.7167,7.17,9.424,0.7021,8.8873,11.7555,0.6444,0.6656,5.3056,0.323,0.1127,2.2764,0.3095,0.0846,15.6596,0.2893,4.9863,6.3283,0.1862,1.674,11.2337,0.0804,4.1608,8.2686,0.0571
251,0.1275,4.1857,0.9792,14.5437,20.8569,0.5733,18.0981,21.778,0.5002,0.2017,21.1645,0.169,7.0306,8.5171,0.1485,1.2949,5.5194,0.1307,12.1789,15.1758,0.1193,12.76,16.3004,0.1083,1.7527,14.5335,0.0694,2.2079,5.3587,0.0505
252,23.4858,30.7585,0.9664,2.3075,19.6013,0.7921,9.7558,18.6313,0.5209,-0.5404,33.2285,0.4166,33.0164,33.9775,0.3705,-0.2993,21.8636,0.3554,2.3721,11.1933,0.3388,14.3561,19.5051,0.2143,-0.3537,2.5919,0.2108,21.5899,24.9484,0.1361
253,6.696,11.4145,0.9914,2.6911,10.7688,0.6601,7.311,11.1921,0.4658,1.2377,10.0765,0.2717,2.5057,6.0746,0.1222,0.325,2.1617,0.0377,9.7191,11.3378,0.0164,3.5099,11.3188,0.0151,18.2272,19.3504,0.0101,13.9504,15.633,0.0051
254,10.3831,14.9505,0.9584,16.3411,19.9135,0.9561,1.3634,7.3168,0.4926,-0.0569,25.7667,0.3352,5.4524,7.4152,0.3333,17.5486,21.5343,0.2737,0.4684,3.1483,0.1782,1.4262,17.9704,0.1627,22.007,24.1074,0.1361,0.2496,1.6417,0.0565
255,5.0477,20.1707,0.8412,4.7658,15.9209,0.8176,12.8047,19.5884,0.4412,16.1536,19.0266,0.1422,8.7924,21.042,0.0569,20.5662,24.1351,0.0553,8.7772,16.4315,0.0427,6.5715,21.3568,0.0218,5.8521,8.7796,0.0195,0.5624,2.056,0.0135
256,14.329,26.5752,0.985,11.1042,24.1321,0.8299,8.6259,13.6698,0.1823,8.3138,16.0433,0.0961,7.6639,10.2782,0.0627,5.9265,21.0416,0.0203,0.4894,3.0286,0.0148,3.3121,6.5587,0.0118,6.0588,11.8206,0.0113,7.3236,15.5887,0.0095
257,9.0074,19.2949,0.9809,29.3892,38.0845,0.8955,29.0745,32.6886,0.5668,21.9756,23.8004,0.2845,8.5887,11.0902,0.2638,16.4084,18.8379,0.1879,0.2618,3.2876,0.1609,29.9716,32.4694,0.0389,12.5976,15.0852,0.0274,18.6118,26.358,0.0147
258,4.6719,11.0543,0.9942,21.4459,27.1033,0.9141,29.0672,30.0504,0.3547,28.8396,30.4154,0.132,20.4367,22.7548,0.0658,6.3962,11.0406,0.0491,14.6809,16.5395,0.0318,0.2467,1.8787,0.023,0.7368,3.8191,0.0229,0.3315,2.4079,0.017
259,4.718,9.7268,0.9834,4.9055,6.9054,0.1122,18.1273,21.1243,0.0171,8.4338,9.7433,0.015,6.2738,9.0541,0.0115,8.1999,9.4628,0.0111,4.042,6.5887,0.0098,0.2693,1.7211,0.0084,15.4175,18.7762,0.0078,6.2449,13.1335,0.0029
260,4.3365,16.7645,0.908,18.5333,22.1711,0.7281,3.1796,16.5944,0.5323,14.5043,16.7487,0.5078,4.0467,11.7655,0.4942,0.1741,2.2106,0.3876,2.9453,6.5473,0.1823,10.7675,16.7432,0.151,0.9759,21.1367,0.0892,5.7563,9.9497,0.0234
261,13.2595,22.0873,0.9979,0.1324,3.288,0.5575,13.0038,14.7853,0.1898,12.5186,15.9264,0.1147,13.9167,14.9009,0.0456,1.7656,4.4267,0.0443,18.7411,19.7546,0.0431,16.9957,18.5185,0.0269,7.6896,9.2244,0.0172,18.9862,19.694,0.0062
262,4.8992,12.2123,0.9965,3.8541,28.5746,0.5191,18.3266,29.6661,0.5172,22.5512,30.0286,0.4907,7.1097,11.1679,0.152,13.2782,16.9183,0.0755,2.0527,4.2777,0.0329,8.7712,19.0088,0.0288,17.1639,21.5786,0.0253,2.5403,4.199,0.0192
263,14.502,20.2846,0.9676,6.522,13.2541,0.9509,6.5871,10.318,0.4613,14.7726,18.2651,0.2485,10.7391,12.9841,0.2116,9.4546,11.8692,0.0389,3.139,4.8695,0.0187,0.7949,2.2502,0.0132,13.9232,15.6281,0.0117,7.4419,10.5098,0.0028
264,4.6354,12.5829,0.938,21.9688,24.1969,0.8276,12.7802,17.4944,0.6045,3.8434,14.3294,0.4531,4.3883,16.5471,0.3834,8.5699,14.1444,0.2788,3.1122,6.8988,0.1193,20.6089,22.1433,0.0676,0.9183,3.0815,0.0504,4.4486,12.5013,0.014
265,0.1906,3.599,0.9656,16.3665,20.2363,0.9628,31.7877,34.138,0.8215,22.2895,24.9809,0.7559,29.2191,31.4885,0.6852,4.6808,7.8746,0.3782,9.7675,11.6577,0.3695,2.6907,4.0072,0.1067,-4.3659,27.9033,0.038,4.0081,5.3293,0.0225
266,17.8426,19.8281,0.9936,7.5025,9.4483,0.7322,15.5474,16.9208,0.6032,2.4021,21.6332,0.2947,0.2732,0.7408,0.2019,0.2963,1.4738,0.1486,3.7145,5.8433,0.1465,12.091,13.5946,0.1039,0.7909,2.2031,0.0948,10.401,11.7011,0.0754
267,0.1602,2.5,0.9987,1.5834,2.6157,0.1603,-0.1857,0.7794,0.0528,1.6474,2.3366,0.0207,1.7126,2.5351,0.0101,5.2291,5.8617,0.01,5.3031,5.9413,0.0075,13.7785,14.2332,0.0044,8.4394,9.6872,0.0026,9.8649,10.5277,0.0014
268,-0.1141,3.3852,0.9926,1.7943,2.8352,0.1661,0.0589,0.719,0.1164,8.1631,8.9734,0.0293,5.8707,7.1374,0.0169,12.292,13.6801,0.0132,5.6098,6.6326,0.0091,17.2802,18.2288,0.0088,18.9233,20.3355,0.0058,8.3786,12.6387,0.0019
269,0.3683,6.6315,0.9985,10.3223,15.2398,0.505,10.9322,12.177,0.1227,-0.0114,2.7233,0.0964,4.536,6.8331,0.0813,8.0721,8.8604,0.0777,14.1241,15.1259,0.0621,1.631,3.9505,0.0169,1.6344,3.6157,0.0088,-1.7927,11.9532,0.0057
270,0.503,7.2677,0.8344,10.2487,12.0354,0.5756,1.8057,6.4878,0.3242,0.3874,7.9791,0.2404,-0.2819,1.953,0.1818,-0.2453,4.4832,0.1754,3.8588,6.6683,0.1248,-0.2247,11.4446,0.025,5.1513,6.4608,0.0246,8.3056,9.7394,0.0103
271,4.9912,12.0183,0.9709,0.5282,11.2451,0.7771,16.5645,19.9563,0.454,-0.3012,2.8925,0.3331,7.7708,11.3232,0.0283,8.3311,9.2714,0.0272,-0.1009,19.6813,0.024,0.2316,4.862,0.016,0.0688,3.7895,0.014,10.661,12.2435,0.0058
272,0.0638,7.2615,0.9969,3.2463,7.3164,0.3657,-0.0789,2.6822,0.3504,17.8838,20.2836,0.1424,-0.1786,1.4507,0.1243,0.2645,2.1851,0.1206,10.5834,13.1081,0.1149,10.1301,12.059,0.078,-0.4712,19.4209,0.0428,14.1949,16.5222,0.0229
273,12.1993,14.0784,0.9976,6.6184,8.0624,0.1236,11.3584,12.3374,0.0299,10.7701,12.5327,0.0272,7.4167,9.682,0.0229,10.6392,13.3701,0.0207,7.2562,13.1804,0.0181,3.1972,4.3987,0.0074,1.1528,2.0494,0.0052,3.3087,4.6761,0.0039
274,2.5455,5.3277,0.9082,4.9552,7.5147,0.6735,2.2403,3.8202,0.6453,7.0274,8.0417,0.5039,0.255,6.5302,0.4464,0.5777,7.8095,0.2991,-0.3113,1.5911,0.0537,0.5968,4.4666,0.0473,0.394,2.4203,0.0354,3.6548,5.0759,0.0351
275,0.0285,4.2627,0.9291,14.5276,18.4346,0.6003,0.6951,4.9452,0.4685,6.1329,8.7959,0.2979,7.8879,10.571,0.2629,16.6646,18.8977,0.2376,10.4251,12.1399,0.0941,-0.3523,19.5709,0.0619,3.3274,8.8397,0.0283,1.2263,3.7922,0.0243
276,2.9207,5.9337,0.9739,1.5457,6.0397,0.5559,4.4812,6.2033,0.2651,2.8007,3.5312,0.1228,2.9707,4.481,0.0676,2.3402,4.5344,0.0542,-0.063,0.8266,0.0473,0.5576,1.8149,0.0378,1.9219,2.6269,0.0322,1.7381,3.3926,0.0284
277,10.2249,19.0201,0.9683,-0.7904,21.1033,0.6545,0.035,3.1745,0.4234,-0.209,7.366,0.3673,-0.1311,10.1715,0.3432,20.8071,22.1314,0.271,-0.2521,13.4661,0.2463,4.3792,6.4377,0.0897,13.7125,18.3171,0.0581,10.1979,14.0081,0.041
278,-0.0138,3.5926,0.9836,12.7213,15.1089,0.8784,12.7953,15.0534,0.5623,0.6542,3.3537,0.4882,11.0801,12.1716,0.4341,3.9394,4.6521,0.032,2.4463,17.0352,0.0218,-0.144,0.701,0.0211,13.5865,14.555,0.0198,4.2948,5.267,0.0106
279,6.0967,10.2132,0.9753,16.6527,19.2414,0.7447,5.1919,8.1898,0.3967,16.5756,18.8104,0.3277,22.4815,24.0319,0.1023,5.348,21.703,0.1013,13.6513,14.9877,0.0473,5.5369,7.0353,0.034,1.0231,2.6302,0.0169,3.7596,5.0812,0.0108
280,6.9592,9.0062,0.9477,14.8047,18.8756,0.7186,7.7884,9.3898,0.381,17.3909,18.5999,0.1962,12.2229,14.0332,0.0806,14.7364,16.1672,0.0156,11.014,12.1535,0.0139,4.6874,18.2116,0.0132,3.9259,5.2533,0.0123,1.2252,2.5826,0.0071
281,0.0522,5.2461,0.9984,26.4623,27.9878,0.8538,3.9887,5.5088,0.4926,21.1206,22.7739,0.4256,3.0565,4.988,0.4169,1.669,3.5475,0.3213,-0.0624,0.5591,0.1855,14.0334,15.959,0.1759,19.6903,21.1011,0.1505,-1.0903,7.8888,0.0425
282,-0.066,3.4899,0.9949,13.4815,18.506,0.9807,0.9407,3.2269,0.0838,12.7703,17.2705,0.0724,11.986,13.5803,0.0373,-0.5652,2.8444,0.029,4.3759,6.5788,0.0282,1.4339,5.6193,0.0254,9.0447,10.3574,0.0191,6.0045,15.3291,0.0069
283,16.1068,34.6127,0.9,31.679,34.4737,0.2263,14.7411,28.3879,0.1652,11.1521,15.0218,0.1056,12.3959,19.0323,0.0944,31.1786,34.3358,0.021,0.0877,3.7035,0.0191,13.7346,31.1327,0.0101,17.62,21.2514,0.0101,3.1536,7.2498,0.0069
284,0.0253,3.4048,0.9969,4.4701,7.046,0.978,4.9509,6.007,0.2749,0.9167,1.6468,0.1165,0.9739,1.9882,0.023,11.3149,12.5126,0.0198,5.1274,5.6104,0.0092,18.3205,19.1571,0.006,13.97,15.4204,0.0034,10.9829,12.229,0.0024
285,4.0279,6.7576,0.938,8.9702,10.9171,0.72,2.2727,5.8971,0.5259,5.9559,7.5994,0.4941,9.0942,10.8289,0.2126,0.2504,1.7928,0.0899,11.3341,13.6687,0.0737,2.0429,8.0883,0.0622,1.1979,10.3791,0.0265,1.6773,11.8956,0.0139
286,0.7914,13.9057,0.7025,0.3372,16.2919,0.6693,13.1796,18.5881,0.5246,0.5335,8.0013,0.5075,7.7859,15.3963,0.3887,9.6017,13.3543,0.3541,5.4621,9.7601,0.3202,-0.1967,2.5057,0.2113,-0.3345,18.9715,0.1932,16.5042,19.0629,0.1775
287,0.2851,7.0454,0.9706,18.7614,22.0769,0.9667,10.8705,13.5672,0.6376,18.475,20.2448,0.5144,5.2272,7.5602,0.4573,12.6522,14.6244,0.3368,-1.7121,4.7982,0.2719,-0.3312,21.639,0.2467,0.5127,1.985,0.0256,0.5827,2.1472,0.0126
288,-0.1888,7.1096,0.9936,5.9836,8.582,0.1172,2.2436,7.5712,0.0856,11.6595,14.6244,0.0616,-0.03,15.5066,0.0171,1.154,9.5746,0.0165,1.7623,4.6449,0.0105,13.034,16.0308,0.0099,26.7731,29.9413,0.0056,16.1683,18.5166,0.004
289,-0.1341,17.4246,0.8407,-0.6154,20.6401,0.7204,-0.1258,5.1771,0.4539,21.6863,31.9451,0.3467,-1.5088,34.1287,0.2,23.015,27.2141,0.0929,15.5593,20.0978,0.0904,31.3646,33.634,0.0831,8.1466,14.5043,0.0539,1.3924,6.2398,0.0282
290,-1.1474,6.8197,0.9918,17.7733,22.7773,0.5587,-0.4674,25.4749,0.2854,11.4336,16.0984,0.2563,16.7373,20.0842,0.1681,22.2146,25.1715,0.1005,6.5093,8.7169,0.0779,-0.8338,17.2279,0.0673,3.6813,5.7006,0.0227,2.842,4.7088,0.0205
291,2.3857,7.8929,0.8553,3.0271,6.7277,0.6832,3.827,9.8485,0.6392,2.7245,4.8088,0.3067,5.6665,9.2744,0.2721,8.5075,9.8141,0.1575,0.3104,0.8846,0.0982,0.5272,1.1558,0.097,7.4908,8.0896,0.0423,6.7338,7.656,0.0124
292,8.8201,25.4897,0.9545,11.1844,25.4173,0.9411,8.2657,11.9826,0.4933,8.8248,14.3853,0.3782,22.9551,25.329,0.1235,10.5028,18.5082,0.0929,0.4331,2.6308,0.0293,2.7675,4.8311,0.0203,10.0412,13.3322,0.0159,13.0652,17.1382,0.012
293,8.4465,17.1703,0.9936,5.3649,9.4295,0.1029,-0.3502,2.7857,0.0721,3.6418,17.0712,0.051,14.5958,16.2264,0.0231,6.3923,13.1221,0.0226,4.4204,7.2412,0.0173,17.113,18.3506,0.0153,1.1578,5.5487,0.0092,4.7692,10.5345,0.0064
294,8.2804,13.0557,0.9931,8.7076,11.3949,0.6412,6.9514,9.8308,0.6153,0.9194,1.4531,0.1745,1.4405,3.2158,0.1533,12.2363,13.9221,0.1375,0.0181,0.8339,0.0886,5.0304,6.038,0.0786,20.4554,22.7326,0.0652,-0.9079,2.1143,0.0218
295,0.4367,4.8532,0.988,-0.0035,3.0908,0.273,3.0213,4.2922,0.034,3.5721,4.1867,0.0238,1.1214,3.2023,0.0155,8.4152,9.6245,0.006,1.2038,3.0076,0.0044,13.33,14.6128,0.0033,8.945,10.2735,0.0026,7.1685,9.8317,0.0016
296,8.9352,12.2546,0.9946,11.0335,11.9637,0.0545,1.4766,3.3371,0.0197,4.7684,5.7373,0.0143,9.4169,10.9321,0.011,5.901,6.8037,0.0026,6.6946,7.7427,0.0021,2.1698,4.4387,0.002,4.4018,6.0259,0.0015,0.3087,1.3995,0.0014
297,4.4714,9.8332,0.9463,-0.0235,3.1465,0.9356,6.1074,9.2732,0.313,11.7153,15.2464,0.1551,14.115,16.593,0.1383,0.0595,1.0829,0.0891,-0.8359,25.1616,0.0795,-0.1004,1.5961,0.0323,20.2004,23.0061,0.0287,22.5896,23.9393,0.0241
298,2.4185,8.8668,0.9975,21.4324,23.7566,0.0228,-0.1384,0.7914,0.0203,6.8179,8.0289,0.0162,5.7691,7.4954,0.0145,16.2182,19.1651,0.0087,0.0637,1.4732,0.0084,10.1001,11.8728,0.0068,0.0646,1.8057,0.0065,5.3655,10.0599,0.002
299,16.7014,20.0898,0.8923,-0.1481,19.8229,0.7948,8.9617,15.4022,0.4521,-0.1422,14.0322,0.4029,-0.1893,5.348,0.391,0.0226,9.4449,0.3836,13.065,17.5038,0.3768,-0.2179,2.7379,0.3057,7.9582,11.1999,0.2975,6.6838,9.6555,0.1259
300,22.3374,27.4366,0.997,17.5021,20.6988,0.7568,14.0496,16.6288,0.2387,32.3833,35.2218,0.0899,4.8636,9.6493,0.0769,26.9647,29.4927,0.0448,0.7333,3.0247,0.0445,23.4418,26.296,0.0178,21.7328,24.5708,0.0153,4.526,14.2092,0.009
301,16.8137,21.8075,0.9979,17.0659,19.507,0.0388,9.1509,11.7786,0.0376,6.7244,9.5778,0.0274,4.1592,7.9067,0.024,0.4239,3.002,0.0215,5.5579,10.8487,0.0168,19.041,20.8137,0.0136,13.4068,15.6321,0.0088,11.4507,19.339,0.0075
302,6.7104,26.5166,0.9487,13.5113,24.7116,0.883,9.4478,14.6691,0.4904,9.1495,12.5852,0.4322,23.783,25.4861,0.3744,12.7726,19.3306,0.1237,4.9444,7.1738,0.0514,0.9048,2.7821,0.048,9.2553,12.7134,0.0395,12.8668,17.876,0.0134
303,-0.2175,9.4602,0.7033,4.2499,9.4161,0.5679,4.0706,5.9765,0.2246,0.1631,1.2199,0.2221,0.624,3.0222,0.2211,7.7856,9.4392,0.1757,0.0383,7.406,0.1584,3.2946,6.9793,0.1335,2.4667,4.6774,0.1016,0.4386,4.9947,0.0777
304,12.623,17.4496,0.9942,9.0291,11.3213,0.827,7.5242,9.7612,0.6216,0.1428,2.5269,0.5317,17.086,19.1206,0.4884,12.2588,14.5078,0.3156,1.925,19.1358,0.2785,2.2863,3.7946,0.1299,1.2152,1.9136,0.0454,7.1237,11.102,0.0148
305,15.0688,19.2845,0.994,28.9747,32.1931,0.8708,23.8956,27.8002,0.7139,22.5686,23.8784,0.4635,12.2833,14.0869,0.4036,1.4167,4.3989,0.2593,4.8802,8.1506,0.1147,0.2305,31.5328,0.0904,23.365,25.2179,0.0634,17.427,21.6365,0.0499
306,8.5657,12.033,0.9268,5.3932,7.3022,0.2179,4.5963,7.0386,0.1984,1.8136,11.4215,0.1907,8.447,10.999,0.1203,2.8311,5.261,0.11,1.8736,4.2618,0.0425,2.3182,6.9021,0.0403,2.4799,7.5687,0.0233,0.0726,0.9492,0.0212
307,0.6979,6.4794,0.9992,-0.3084,1.896,0.0222,4.562,6.6281,0.0207,5.2599,6.4422,0.0154,8.0181,10.3767,0.0075,13.7066,15.141,0.0075,9.238,11.4664,0.0073,1.6548,4.1909,0.0038,1.3519,3.3703,0.0038,2.1639,10.055,0.0023
308,10.7298,14.6494,0.9798,0.1238,5.1807,0.752,-0.0211,2.2609,0.2819,2.8211,4.3119,0.0807,7.8872,9.4485,0.0477,4.3989,5.555,0.0457,12.9909,14.1895,0.0294,0.18,1.3688,0.024,1.0754,2.9493,0.0238,-0.1065,13.9435,0.008
309,18.9284,22.0239,0.8378,4.3414,10.5556,0.8371,-0.3008,3.3502,0.7261,13.302,15.5688,0.5587,1.7598,11.7576,0.4687,2.6118,6.4627,0.3644,16.3217,19.2128,0.3063,-0.2858,21.6601,0.2781,8.8021,10.7532,0.2442,-0.5316,10.6963,0.0785
311,5.8634,17.0401,0.8563,4.575,11.716,0.6471,18.2029,30.3186,0.6113,9.0877,18.4184,0.5305,2.3619,32.2725,0.4293,26.3991,32.0,0.2752,5.2049,24.2084,0.2579,15.1211,23.9658,0.2514,5.281,17.2906,0.1288,0.3333,3.092,0.0859
312,9.7614,13.6681,0.9964,9.4223,12.6839,0.1016,8.9678,9.7628,0.0364,9.17,10.1187,0.0291,5.0697,5.8855,0.0231,0.4028,1.8926,0.0187,0.6884,1.9809,0.0149,0.6454,2.2957,0.0114,0.6217,1.3975,0.0099,4.349,12.0491,0.0039
313,-0.6562,3.8526,0.9659,8.1515,11.3269,0.6424,0.8538,5.2791,0.6088,18.189,20.0209,0.4065,12.9116,17.359,0.3833,0.5108,3.7312,0.3821,-0.3161,19.672,0.2585,12.6012,15.2439,0.2194,-0.2701,13.2008,0.2004,5.4259,7.2641,0.183
314,29.2971,38.0279,0.9256,0.1065,37.9591,0.6912,21.5214,36.4062,0.5193,14.5662,23.3477,0.3189,1.789,26.3911,0.3079,0.6222,19.792,0.2516,-0.2522,5.6031,0.2284,1.1064,11.9307,0.1849,10.836,16.136,0.1787,17.9343,27.3791,0.1118
315,16.719,20.0011,0.993,8.4736,11.2132,0.6403,8.0319,9.329,0.1214,16.7223,18.0996,0.1056,16.762,18.6296,0.0594,12.6312,14.0403,0.0353,17.2981,18.1213,0.0349,0.0305,2.6905,0.0321,15.1802,16.6126,0.011,3.2624,4.7999,0.0082
316,4.4042,7.133,0.9194,12.5177,14.1961,0.283,5.129,6.6535,0.2093,7.4188,8.376,0.0804,12.5442,13.2556,0.0178,5.0253,5.6928,0.0161,11.9118,12.7524,0.0157,10.2711,10.8163,0.0061,9.4275,11.7887,0.0035,0.4572,0.9854,0.0019
317,15.0664,22.7555,0.9695,4.438,23.2562,0.6918,20.8764,23.7735,0.3184,11.1964,13.6769,0.2029,10.0114,12.6812,0.2026,14.5607,17.4428,0.1111,4.6254,8.9061,0.1104,0.4347,2.131,0.0574,3.3634,12.7462,0.0543,3.8409,17.2983,0.054
318,8.049,17.2073,0.9614,18.5465,22.1077,0.899,7.914,13.8434,0.8379,15.2946,16.8859,0.2525,6.7012,8.8731,0.1756,3.9815,6.6087,0.0613,-0.2241,2.2633,0.0272,16.4711,19.0664,0.0167,8.4313,10.8444,0.0141,4.3413,16.9841,0.0118
319,8.8833,11.4643,0.9933,10.2816,11.3148,0.0186,7.525,9.3552,0.0112,10.2644,11.0664,0.0064,7.5701,7.9238,0.0061,1.81,2.7946,0.0029,0.2633,0.8234,0.0021,0.7162,1.5069,0.0015,5.2846,5.9811,0.0015,2.1242,2.7343,0.0012
320,10.8067,16.9559,0.9988,7.4979,9.3855,0.1593,14.7187,16.556,0.0808,10.3875,12.5521,0.0505,18.1994,20.1546,0.0346,4.0518,6.1052,0.0276,0.5833,2.0163,0.0151,14.5305,16.8147,0.0092,13.977,16.023,0.007,6.4137,13.9024,0.0034
321,-0.2125,23.7852,0.9184,1.1337,10.2019,0.8626,13.3896,24.1027,0.8567,21.5973,24.108,0.5352,13.6664,16.9902,0.4808,-0.1137,10.8712,0.3796,7.0637,10.5575,0.3624,12.4717,14.7354,0.3351,-0.2377,1.6088,0.3153,3.0644,6.4985,0.0759
322,0.4251,27.9867,0.9289,16.1215,25.7693,0.5032,24.8337,28.1928,0.358,5.5726,12.1669,0.3182,2.5255,14.1644,0.2001,3.3542,9.1428,0.1898,17.543,21.2126,0.1406,2.672,18.4982,0.1379,-0.1196,1.9318,0.1346,11.8304,14.6466,0.1036
323,12.9153,23.682,0.9938,3.7751,23.6203,0.3702,21.3341,24.5327,0.1578,10.4937,14.4902,0.0576,1.9032,13.9066,0.0544,1.4399,7.774,0.0474,0.1381,4.0881,0.0422,7.0573,10.4022,0.0417,11.933,19.5551,0.0265,3.3646,17.686,0.0191
324,0.0651,3.2645,0.9954,13.0733,14.8703,0.4882,13.2817,14.4683,0.1995,2.3916,4.0226,0.0344,0.1873,0.512,0.0248,7.0231,7.9634,0.0198,13.1657,14.6242,0.0159,3.9468,5.0913,0.015,12.3866,13.1726,0.0129,1.8547,5.5934,0.01
325,14.3292,17.8807,0.9879,10.9134,17.6377,0.3644,0.7792,17.1439,0.1049,10.5917,13.4206,0.0676,-0.2335,2.3533,0.0675,1.9196,6.4372,0.0429,4.1079,6.3758,0.0401,2.4265,7.3299,0.0349,9.1844,10.6669,0.022,5.9746,9.9392,0.018
326,10.5147,16.7282,0.9909,0.6133,4.5546,0.7011,10.5743,13.5072,0.6691,23.4877,28.553,0.2503,2.2962,6.2978,0.2151,0.1552,18.64,0.1573,14.3626,17.0388,0.1292,20.3226,25.7204,0.1217,-0.6063,26.6567,0.0668,1.0161,2.7793,0.0254
327,2.8529,3.116,0.7507,1.4839,5.918,0.7467,3.4345,3.9872,0.7148,4.06,4.8018,0.6933,3.6177,3.8977,0.6361,1.1421,2.0024,0.6355,0.6347,0.9859,0.6339,1.8058,4.7427,0.5845,1.4526,3.271,0.521,5.046,5.6585,0.4875
328,2.5413,6.0515,0.9702,5.0219,6.973,0.7431,8.5423,10.8561,0.7348,9.478,11.3754,0.5058,0.2322,1.4554,0.3785,1.3347,12.0453,0.3547,6.1901,7.5662,0.221,2.7433,3.8812,0.1305,3.2672,6.0567,0.1066,2.2658,4.5775,0.0496
329,5.1962,9.6821,0.9979,4.6197,6.8618,0.0791,8.0876,9.4891,0.0314,6.5281,8.5596,0.0106,17.8981,19.1666,0.0031,7.8615,9.8497,0.0025,7.7307,8.9059,0.0023,0.1246,1.0823,0.0021,13.7101,15.1641,0.002,0.8458,1.9456,0.001
330,16.5091,29.3071,0.9977,25.6877,29.897,0.1458,15.9193,17.9614,0.0567,16.0534,21.3994,0.0318,26.3408,29.0071,0.0129,20.9721,23.7836,0.0113,11.7756,13.7896,0.0107,8.4443,26.8474,0.0064,0.6783,3.1178,0.005,5.3814,8.0508,0.0035
331,4.7523,6.6796,0.9956,5.6149,6.9384,0.1223,12.6473,13.868,0.0216,4.9513,5.5655,0.0144,6.5764,7.5112,0.0129,5.2933,6.8773,0.0114,8.9299,9.9581,0.0088,8.9961,10.3791,0.0032,9.7,12.1181,0.0023,0.6877,1.3631,0.0022
332,2.6889,5.1398,0.9987,14.608,16.6683,0.1666,13.7979,16.2243,0.1088,3.1327,3.9496,0.0107,7.3922,8.4059,0.0067,10.6779,11.9571,0.0058,0.1166,1.1946,0.0055,2.0773,14.1824,0.005,0.6997,1.7413,0.0038,0.0224,0.8204,0.0032
333,19.188,25.8566,0.8444,-0.1174,25.875,0.7844,21.9538,25.8172,0.6684,9.5187,13.0692,0.5003,-0.2474,12.2347,0.4626,10.4557,12.7681,0.4576,18.589,20.8571,0.4329,-0.1603,2.1511,0.3999,1.6768,7.6879,0.3834,0.3822,11.4594,0.15
334,0.1151,5.8782,0.982,-0.0398,7.9835,0.8429,14.8262,23.3397,0.7551,-0.2071,23.775,0.411,20.4442,23.4849,0.2841,6.5422,8.1451,0.1143,13.4012,17.1447,0.1002,10.1786,12.6155,0.0592,1.5095,3.3482,0.041,0.7679,3.6149,0.0367
335,10.4769,13.797,0.8076,0.0856,13.7986,0.7999,5.2228,8.2008,0.7347,9.1933,12.9258,0.4611,0.319,7.2287,0.3441,0.9545,9.8666,0.2817,-0.0248,1.7803,0.2332,4.0297,6.5174,0.2227,0.3047,4.0489,0.2165,5.5628,8.8083,0.1986
336,1.6005,20.7613,0.7857,-0.2742,25.538,0.7402,1.8616,11.1976,0.6161,26.4166,28.0834,0.5588,1.3466,13.6454,0.4977,13.4213,22.2039,0.4517,19.6552,22.8662,0.3855,-0.2756,1.3522,0.3033,6.5568,11.2203,0.1967,12.0403,15.6212,0.1812
337,1.9055,6.4631,0.8614,-0.195,7.5406,0.252,4.8738,6.5909,0.1735,-0.1103,1.7592,0.1241,0.3234,3.7508,0.0702,5.2526,6.6149,0.0679,8.0017,8.7816,0.0161,-0.3977,7.6622,0.0132,10.4167,11.28,0.0105,0.9645,3.9002,0.0089
338,2.9758,8.5177,0.9973,14.8491,16.0449,0.2991,7.0917,8.5769,0.1656,7.1497,8.2654,0.1062,11.318,13.2405,0.0879,2.5742,5.4124,0.0784,3.2367,14.5051,0.0552,10.329,12.2172,0.029,-0.0606,0.8982,0.0227,5.2572,7.1414,0.0103
339,6.1083,9.4655,0.9963,4.6586,5.9478,0.2795,-0.1302,1.9424,0.1663,1.0093,2.8766,0.1406,14.7079,15.9149,0.0629,1.4666,2.8851,0.0441,7.3151,8.4437,0.0217,9.9723,11.2915,0.019,4.5869,8.3605,0.0122,5.2956,6.8111,0.0063
340,0.6924,16.6245,0.8214,3.3154,6.027,0.3488,0.612,5.7063,0.3435,-0.0067,1.7171,0.2962,9.4505,15.7611,0.29,12.4061,15.9718,0.2615,6.2968,8.3168,0.2067,1.2378,8.5095,0.1995,1.2803,11.5297,0.1836,6.6006,11.254,0.1539
341,1.0191,9.0088,0.8128,16.4411,25.9208,0.6391,-0.5959,25.3045,0.5289,21.5149,25.8847,0.4511,-0.1261,11.8884,0.4481,6.8826,10.814,0.4087,-0.1658,3.4538,0.313,15.9184,19.5839,0.2315,11.7199,13.8877,0.134,1.7914,3.78,0.0289
342,19.1317,24.3779,0.6992,2.0427,8.925,0.6094,5.3276,10.359,0.4775,1.691,11.0502,0.4644,1.0805,24.4521,0.2969,0.4051,3.2649,0.2532,14.0152,23.0099,0.2097,10.0221,13.2746,0.0989,15.6888,18.4585,0.0788,1.2904,10.0547,0.0446
343,10.0156,15.3955,0.8995,2.192,16.1413,0.8861,14.4354,15.9741,0.4724,8.2408,10.0586,0.1012,6.0424,7.7692,0.0999,9.269,12.976,0.0957,1.9479,5.1844,0.0674,0.6519,2.1239,0.0481,2.855,7.514,0.0369,5.2176,11.3545,0.0263
344,14.313,19.5895,0.8452,5.9084,10.3858,0.7851,14.6194,17.3103,0.699,-0.0908,3.6308,0.5547,1.8803,10.681,0.5183,10.7172,11.7768,0.3767,6.2638,10.3326,0.3612,-0.6559,18.937,0.2995,-0.1563,12.9352,0.2872,0.4917,4.6922,0.2462
345,15.0462,25.3925,0.9962,25.1092,27.0489,0.0732,14.2748,16.7702,0.0523,15.4308,21.0036,0.043,20.5767,23.4518,0.0317,23.248,27.5977,0.0164,9.0591,11.3252,0.0093,13.2897,24.9434,0.0066,1.0676,3.0726,0.0046,6.5046,8.1306,0.0022
346,20.705,22.0669,0.8696,15.492,18.8701,0.8526,10.2928,12.9659,0.8055,14.272,15.8537,0.7875,7.2848,9.0592,0.7387,-0.1686,21.8055,0.6986,0.0308,2.5307,0.6864,1.9112,5.9072,0.571,1.1244,13.4562,0.4487,0.2552,8.3913,0.2185
347,1.1243,7.4563,0.9392,8.4268,17.2469,0.8845,-0.3182,17.6534,0.8169,4.2235,7.3095,0.4379,-0.0693,1.5692,0.2532,8.7429,10.9812,0.1334,0.2893,8.082,0.1173,14.4422,16.7367,0.1116,10.0378,13.4333,0.0616,0.4701,11.7031,0.0472
348,0.1347,5.5925,0.97,0.1021,2.5087,0.2757,4.4319,6.0411,0.1111,17.7377,20.2489,0.0773,11.8059,14.0463,0.0607,13.6851,16.7806,0.0534,10.1474,11.8665,0.0469,0.3412,2.0534,0.0331,-1.9182,13.0062,0.0133,-0.7025,18.2883,0.0095
349,14.578,15.9731,0.9041,12.1452,13.7122,0.8314,9.209,11.2543,0.821,7.5002,8.6791,0.7309,2.5938,15.4539,0.6717,5.6536,6.9199,0.6359,2.7644,4.4998,0.4582,0.622,2.1938,0.4368,4.5382,7.3443,0.1727,6.5734,10.1172,0.1695
350,17.3824,29.9712,0.9957,25.1248,29.3615,0.1772,14.5847,17.7634,0.1187,-0.0174,3.9124,0.0788,16.7052,22.1627,0.0512,13.8412,15.9525,0.0361,1.9925,8.1579,0.0217,2.7359,28.2658,0.0163,3.2105,8.7318,0.0122,11.3046,18.1212,0.0107
351,-0.3212,5.5965,0.9474,0.5728,7.5618,0.6809,13.7225,21.6307,0.3746,18.5575,22.1769,0.2125,-0.2444,21.7466,0.1836,4.9153,6.9944,0.0798,13.7499,16.9038,0.0576,8.7664,11.394,0.0511,1.2552,3.3941,0.0182,2.3146,5.3507,0.0098
352,7.077,11.2793,0.9564,-0.0451,19.9101,0.4702,0.5919,10.3037,0.385,0.7906,11.5383,0.278,0.1907,5.4688,0.2472,16.1268,20.4174,0.1953,-0.0998,2.1721,0.1438,5.4035,7.5507,0.1174,9.8696,11.5501,0.0937,14.5197,17.6798,0.037
353,2.3229,8.4341,0.8776,1.9584,9.984,0.6659,4.8304,8.7947,0.4356,0.1381,2.1016,0.2603,8.6409,10.6683,0.2226,8.7988,11.6493,0.1487,0.3037,17.922,0.1146,12.9685,16.2278,0.1012,15.4362,19.8001,0.0938,1.3144,11.4353,0.0343
354,17.2776,19.8498,0.8611,9.0922,11.6657,0.3881,16.2226,18.0754,0.3002,9.2623,10.291,0.2124,7.9313,9.7745,0.1339,2.1493,4.2024,0.1284,3.033,5.7841,0.0558,1.034,1.9149,0.0403,0.674,3.6302,0.0311,1.8991,3.0348,0.0202
355,-0.1299,3.2686,0.994,6.1105,11.2994,0.2313,5.9982,8.4179,0.07,4.2518,5.5654,0.0545,11.1891,13.093,0.0513,1.3442,13.017,0.0482,-0.1893,8.3552,0.0365,7.5748,11.0859,0.0349,1.3764,2.8308,0.0143,1.4151,2.9758,0.0103
356,0.7047,9.9016,0.9788,23.295,26.5785,0.546,18.0582,28.26,0.3603,1.1925,34.8373,0.1831,0.0064,4.3754,0.1802,16.0675,22.3724,0.1588,0.1856,4.8233,0.0478,8.2102,12.4079,0.0463,30.9717,33.3441,0.0355,0.9921,3.1893,0.032
357,7.0026,10.5208,0.962,6.8898,9.7463,0.3861,6.9549,7.6295,0.031,8.6734,9.1751,0.0172,9.1739,9.699,0.0164,9.1203,10.1246,0.0146,0.2912,0.8907,0.0098,4.9478,5.4492,0.0067,2.0266,2.4815,0.0046,0.7246,1.0249,0.0029
358,18.2753,23.9285,0.9905,5.2715,12.245,0.432,2.7681,13.5025,0.1411,10.4384,12.8887,0.0557,2.7946,7.9211,0.0526,3.0069,21.9038,0.041,16.9735,20.4539,0.0379,-0.3686,2.8987,0.0278,14.6515,17.0578,0.0274,4.2464,9.8738,0.0171
359,12.7892,16.5424,0.8032,-0.339,3.0158,0.6225,0.0429,9.1503,0.5939,3.9459,6.8505,0.5937,10.1892,14.6208,0.5138,-0.258,5.47,0.502,-0.1088,15.5572,0.5017,-0.0867,12.0136,0.3302,5.9982,8.7842,0.3272,6.8414,11.1465,0.3087
360,0.1638,10.1909,0.9968,24.9948,26.1211,0.5346,14.9764,17.0698,0.4253,14.3374,19.1395,0.3325,6.3557,8.8362,0.2149,-0.1833,1.481,0.1905,0.04,3.8834,0.1629,20.3367,22.8485,0.119,-0.5322,1.4298,0.0533,-2.9209,22.6578,0.0181
361,0.6476,7.0892,0.9988,4.5329,6.6408,0.0476,-0.2528,1.1269,0.026,0.2659,3.5304,0.0215,5.5003,6.827,0.0119,0.109,1.845,0.0091,18.297,19.604,0.0056,1.7986,3.0908,0.0029,7.8131,8.8438,0.0019,9.6059,10.9934,0.0018
362,10.3142,21.2866,0.9629,5.6137,9.2025,0.5294,1.0215,5.9648,0.1583,-0.1183,2.8668,0.128,10.1942,14.1376,0.1265,0.8531,10.9031,0.0839,16.0258,20.9536,0.0456,11.1253,16.8129,0.0254,0.2079,20.7561,0.0174,2.933,15.0292,0.0098
363,0.2115,6.7502,0.9989,1.9315,6.5192,0.1158,4.7883,6.6061,0.0192,0.269,1.575,0.0126,14.6554,16.6778,0.0071,13.7054,14.6213,0.0069,19.9743,21.7148,0.0057,1.6297,3.9672,0.0057,18.0551,19.6398,0.0028,13.6807,17.2956,0.0023
364,0.013,10.4964,0.6758,0.3886,18.1235,0.674,-0.1286,30.3559,0.5922,13.0927,17.199,0.5684,-0.0541,4.2359,0.5415,0.4651,21.4584,0.377,8.7932,18.5762,0.3227,8.6881,13.6802,0.2791,26.0856,32.1367,0.1973,18.5266,25.1864,0.1562
365,3.5719,10.6969,0.9539,-0.1042,2.8871,0.7851,5.5232,10.276,0.5146,4.1105,5.8458,0.332,1.3969,10.3063,0.0868,0.8002,2.2852,0.0771,13.2996,15.275,0.0476,8.2714,9.9215,0.0364,-1.066,13.108,0.0081,3.4026,4.6054,0.0029
366,5.9406,20.8734,0.7555,26.2032,44.6979,0.7386,-0.59,51.3551,0.7203,47.7833,52.2321,0.6168,-0.1349,2.2448,0.6101,1.853,37.6167,0.4436,38.4831,42.1999,0.4223,0.9315,22.8684,0.2985,14.6237,20.5483,0.0744,23.5387,29.3271,0.0627
367,2.7769,7.8501,0.9869,16.0448,22.9891,0.9564,19.0555,22.7385,0.1536,0.2959,1.6667,0.0934,5.578,7.0248,0.083,14.426,16.0375,0.0503,10.4618,11.7684,0.0235,0.6908,23.6284,0.0219,0.753,1.8588,0.0182,0.4071,1.3947,0.013
368,0.0542,4.8083,0.9971,17.3477,19.7872,0.2725,1.4852,4.6099,0.0222,2.5318,3.2683,0.0204,0.0265,1.2501,0.0199,0.0195,1.1876,0.014,6.7258,7.3762,0.0074,11.6978,13.1726,0.0069,4.4341,5.3163,0.0057,-1.4097,5.5488,0.0051
369,4.9209,11.9383,0.871,4.829,11.9349,0.8257,1.6814,10.4563,0.1199,-0.2702,1.5951,0.1159,2.6229,7.1477,0.1132,0.8133,5.9396,0.0952,10.1601,11.4784,0.0429,2.8886,8.6407,0.0353,14.7339,15.783,0.0179,0.9009,5.1981,0.0115
370,4.5365,7.0275,0.999,4.9743,5.5653,0.0091,5.8624,7.3477,0.0088,2.2624,3.6902,0.0082,-0.0307,1.2582,0.0069,9.7087,10.7498,0.0053,14.5106,15.2251,0.0038,7.6582,9.8245,0.0034,11.0093,11.4953,0.0031,10.0405,10.734,0.0023
371,12.7522,18.5432,0.9935,24.6065,28.4251,0.2325,7.2573,10.0291,0.1959,-0.317,3.7538,0.1913,16.4743,18.9453,0.083,-0.4541,27.12,0.0774,2.2245,5.3896,0.0556,21.911,25.1804,0.0335,2.6287,8.5622,0.0318,0.6425,16.0307,0.0074
372,0.386,9.115,0.9791,13.6947,21.6424,0.7484,0.2171,3.2,0.5496,-0.3887,21.6109,0.4901,10.2528,11.7327,0.0871,6.4181,8.0224,0.0852,14.367,16.3734,0.0807,19.8555,21.707,0.0555,2.4407,5.019,0.0399,1.3309,1.9837,0.0261
373,18.5312,20.7042,0.941,0.0063,3.2345,0.8962,0.57,15.1731,0.1879,-0.966,22.6111,0.0861,0.6996,5.7639,0.0767,10.4123,12.9756,0.0724,18.9223,19.7004,0.0564,14.7458,16.4267,0.042,6.0655,8.1912,0.0281,0.7973,1.5425,0.0148
374,4.504,13.155,0.9961,4.639,13.212,0.899,0.2345,1.8822,0.1018,5.2827,7.3907,0.0991,11.372,13.2806,0.07,10.5182,11.443,0.0422,18.1155,19.1527,0.0183,12.1032,13.0932,0.0157,6.3547,8.8087,0.0127,9.1032,10.5046,0.0081
375,5.3554,10.8566,0.9967,20.9012,21.9287,0.4864,12.8662,14.544,0.1509,16.9455,18.7944,0.129,20.6356,21.4082,0.0637,10.2069,11.1298,0.0555,0.4008,1.169,0.0307,5.4668,6.9617,0.0302,18.9397,20.1126,0.0253,9.5509,10.6621,0.0084
376,0.0554,5.4924,0.9918,9.1798,11.8742,0.9784,7.9869,10.495,0.9332,20.3169,23.4791,0.8782,14.3535,19.2649,0.8638,2.8899,4.6381,0.7294,21.9401,24.0713,0.4731,33.4662,36.0737,0.3313,0.7121,1.8389,0.1536,0.0854,1.5377,0.0263
377,5.5164,34.9852,0.9477,15.4099,34.5173,0.8094,4.1846,14.1786,0.6982,29.4684,34.3398,0.1129,7.1004,14.4912,0.1085,5.0986,19.4322,0.0937,3.7299,24.9471,0.0647,-0.4016,1.89,0.0599,16.7076,21.3504,0.036,15.7292,27.6263,0.03
378,4.5341,8.6526,0.9985,10.2985,12.5697,0.948,15.2772,17.6488,0.7662,11.6371,12.7634,0.1754,1.6685,16.6427,0.1753,7.5351,8.6592,0.1417,0.1242,1.6821,0.1042,1.9042,2.9025,0.0922,12.1477,12.8842,0.0495,6.645,7.5372,0.0309
379,5.48,13.3947,0.9498,5.8218,13.0814,0.5737,3.6346,8.335,0.203,4.5048,13.0755,0.0518,3.4774,10.648,0.033,0.5603,1.5823,0.0293,4.4155,13.5601,0.0219,11.1039,12.0423,0.0141,8.4542,9.7552,0.0129,0.2182,1.3277,0.0096
380,8.1071,15.4443,0.9893,8.3995,13.4395,0.3595,4.2104,18.4065,0.3025,13.0008,16.4382,0.2764,16.8806,20.3003,0.1667,5.2425,7.4747,0.0871,1.6506,4.9458,0.0603,0.1791,2.4468,0.0257,4.9013,8.7441,0.0242,5.3601,13.1327,0.0116
381,18.5035,23.7063,0.9639,0.1964,5.4413,0.6541,10.7657,15.5533,0.6131,5.9989,8.8935,0.4949,17.7356,23.1596,0.4753,-0.2977,23.6809,0.4615,1.9196,4.6757,0.3651,12.6413,14.9967,0.3101,-0.2614,15.5618,0.1828,-0.2442,10.9765,0.1545
382,-0.1522,3.3309,0.9643,1.4679,2.5445,0.6305,-0.0302,3.1277,0.1414,-0.0546,1.2075,0.0855,2.2506,2.6311,0.0324,5.1921,5.9054,0.0182,0.3496,2.0877,0.0166,0.4168,4.0253,0.0081,1.9199,2.4713,0.0053,3.458,3.9615,0.0033
383,4.4649,11.2363,0.9973,9.3565,10.9914,0.1362,3.8055,7.1203,0.0657,11.6191,12.4203,0.0519,5.6655,9.0385,0.0267,2.1154,4.4003,0.0238,-0.2431,1.4391,0.0211,4.3963,8.8611,0.0121,3.3293,6.882,0.006,1.9245,5.2529,0.0056
384,9.1172,13.8512,0.9707,0.0576,5.5439,0.9568,24.313,26.9921,0.9381,16.6879,20.6643,0.9318,32.2343,34.124,0.8589,2.2356,4.968,0.5308,22.6134,24.7463,0.1902,-0.5725,33.3275,0.1311,5.6518,7.8363,0.087,1.3623,3.1447,0.0383
385,4.7533,9.529,0.9968,18.0209,22.1925,0.6327,12.4825,14.9146,0.2801,4.5434,6.7113,0.0792,8.3882,9.7872,0.0413,16.6803,19.0344,0.0381,4.874,7.1728,0.0325,4.4082,20.4831,0.0142,5.5357,7.5203,0.0112,0.9234,2.289,0.0067
386,3.4169,9.545,0.9617,14.8407,16.0458,0.5848,10.9292,13.2409,0.5278,2.1969,15.0431,0.3247,10.1091,12.3421,0.114,8.0376,9.7989,0.0659,2.2566,4.9675,0.0359,0.1161,1.1574,0.0169,5.8298,9.1559,0.0051,3.3285,5.2179,0.0048
387,21.3425,26.527,0.9966,6.3483,11.7591,0.8897,24.5387,27.1198,0.4541,-0.4617,2.7984,0.3687,3.9368,8.5463,0.2952,12.7482,15.0382,0.1725,20.433,22.1075,0.078,5.9899,12.2109,0.0298,21.5718,26.5637,0.0189,3.1696,6.2847,0.0151
388,0.0701,6.5257,0.9947,-0.1781,2.989,0.4047,12.6981,15.7763,0.1906,4.4928,5.9956,0.1046,-0.1338,15.84,0.1023,12.3768,14.4488,0.0532,8.3812,10.4734,0.0318,2.0879,4.019,0.0271,6.3042,7.5143,0.0242,3.3495,4.6448,0.0152
389,-1.0846,3.4647,0.9702,0.0653,5.3618,0.374,9.0142,12.8549,0.3141,2.9654,4.8363,0.0894,8.4863,11.0965,0.0513,8.5711,9.5281,0.0197,-0.213,1.6972,0.0192,-0.2743,11.1629,0.0174,0.1117,1.6618,0.009,3.9602,5.0114,0.0083
390,4.4433,7.1491,0.984,0.0696,2.6558,0.936,28.4253,32.2084,0.8545,-0.1034,1.6654,0.343,-0.4239,1.0385,0.3281,5.2203,6.684,0.2102,28.0065,29.8908,0.1215,13.2195,14.893,0.0708,29.8847,31.7674,0.0363,23.5623,25.3119,0.0154
391,0.0523,3.3754,0.9662,1.3402,6.7957,0.1573,4.9025,7.0635,0.1336,2.4171,3.3175,0.0819,1.7331,2.2964,0.0597,0.0731,1.145,0.0413,2.4148,2.721,0.0231,-2.2722,8.9677,0.0156,2.1931,2.4151,0.009,12.2365,13.3725,0.004
392,0.3008,5.0275,0.9854,-0.1906,3.4919,0.3842,10.8448,13.2846,0.1402,11.0113,12.4239,0.0518,-0.5301,2.1208,0.0487,5.0473,5.7958,0.045,-0.5133,2.1342,0.0144,4.7381,6.0005,0.0091,-0.3313,12.0004,0.0073,4.8701,5.5761,0.0027
393,12.7136,15.8206,0.9993,12.5278,13.8009,0.116,14.2798,15.6514,0.0367,10.3994,11.5089,0.0285,5.1132,7.5259,0.023,9.1062,10.1968,0.0204,13.0304,13.5613,0.0132,13.5125,15.139,0.0129,5.6282,6.6861,0.0127,0.3361,1.7691,0.0089
394,14.5003,19.6005,0.9574,-0.1399,3.3157,0.2179,13.5266,17.9715,0.1431,8.2988,11.1453,0.1133,9.3977,13.1068,0.0662,1.2611,5.4293,0.0371,5.7952,8.2334,0.0262,0.3825,18.2276,0.0249,8.9657,11.0452,0.0221,3.0792,11.804,0.0084
395,8.9759,11.1175,0.9936,10.6217,11.523,0.0834,13.4424,14.6852,0.044,8.7333,9.4693,0.0255,0.5163,2.3652,0.0144,4.5223,5.5146,0.0065,4.9644,6.3555,0.0058,10.297,11.586,0.0056,2.3662,3.3865,0.0035,8.9609,9.9904,0.0032
396,0.2988,13.1493,0.9895,-0.0995,4.372,0.4774,9.4128,13.0089,0.155,7.3445,13.0496,0.0734,16.6871,18.5224,0.0509,1.0261,3.3587,0.0455,24.7959,27.8048,0.044,18.3681,20.6051,0.0308,2.2063,6.75,0.0234,-1.3468,25.0133,0.0228
397,1.6926,18.0401,0.9292,4.9288,13.3298,0.5319,14.6547,18.0431,0.3549,-0.0481,1.4976,0.2423,11.7263,16.7247,0.1123,4.3552,7.8579,0.0774,1.1215,2.3196,0.0666,9.6837,13.2341,0.0226,2.9911,11.8423,0.0192,2.2388,5.4841,0.0099
398,14.8733,18.1643,0.9107,14.8102,19.566,0.826,12.3784,18.3244,0.1589,18.7592,19.6151,0.1299,1.2796,3.5998,0.1205,8.6162,12.0245,0.1082,6.9502,18.4917,0.1063,24.2727,26.2725,0.0756,9.6908,11.8399,0.0344,3.8685,6.3114,0.0303
399,6.6171,15.2935,0.9878,6.1197,13.7014,0.5512,6.5567,10.0059,0.1417,12.9651,14.5873,0.1394,9.734,12.3049,0.0471,18.1914,19.7396,0.0273,1.3094,2.678,0.0262,2.4967,3.8816,0.024,11.7223,13.4873,0.0145,6.4678,10.3283,0.0031
400,9.7523,12.0274,0.988,8.6805,11.7942,0.7181,5.5091,6.7616,0.047,10.0098,10.8388,0.0379,2.9303,11.6905,0.0264,10.2017,11.5552,0.025,6.4342,8.1984,0.0139,3.946,5.1019,0.0126,0.5493,1.2276,0.0058,2.4199,3.6953,0.0054
401,19.9426,22.0389,0.9784,12.886,15.3871,0.4465,12.6644,14.163,0.3125,19.5221,22.0606,0.0935,20.679,21.4525,0.0482,13.1294,13.9533,0.035,18.9883,20.6601,0.0293,18.9963,20.0131,0.026,0.4341,1.6728,0.0047,11.2583,12.4118,0.0037
402,0.0132,3.3144,0.9963,19.6722,22.1925,0.0531,-0.1633,0.9362,0.0433,1.5051,2.2075,0.0224,2.0796,3.1425,0.0202,1.3095,2.6365,0.0133,8.1633,9.3431,0.0111,15.9423,18.073,0.0069,14.5743,15.9901,0.0035,11.3477,16.092,0.0027
403,-0.1194,4.3932,0.9682,1.8217,5.596,0.4315,19.633,26.381,0.1187,1.6325,3.1552,0.0488,3.6255,4.3265,0.0248,2.4636,4.6751,0.0221,5.4476,22.9601,0.0132,8.4465,9.231,0.0101,18.8103,21.7569,0.007,12.2948,13.4784,0.006
404,1.4452,7.3318,0.9864,-0.4935,21.5,0.6995,14.498,21.8416,0.6849,19.2811,22.2242,0.4917,4.8568,7.3401,0.296,-0.1856,1.7846,0.247,0.3863,2.2359,0.0894,8.533,11.007,0.0837,14.086,16.6404,0.0487,0.5322,1.875,0.0317
405,0.6328,9.6109,0.8988,18.5823,21.1487,0.8008,14.403,20.9879,0.7002,-0.1449,21.6215,0.4902,0.3445,10.5093,0.4084,13.2493,17.3254,0.3723,5.5995,8.8752,0.322,8.5657,10.7497,0.2484,-0.1701,2.6055,0.2416,-0.5498,12.0458,0.0948
406,14.822,17.7712,0.9972,13.601,14.9779,0.0414,15.0067,16.093,0.0244,21.2994,23.343,0.0195,12.7488,13.7021,0.0192,15.427,17.1734,0.0079,20.2973,22.2785,0.0051,3.2537,4.4706,0.0049,10.8211,15.0248,0.0046,4.4243,6.2677,0.0033
407,-0.0447,3.2704,0.9969,21.0508,21.9919,0.6941,2.4897,4.269,0.2855,19.3116,20.7901,0.0792,17.5071,18.6465,0.0411,20.632,22.392,0.0295,0.4168,0.9881,0.0265,16.7634,17.7298,0.0178,6.9563,7.7963,0.0149,6.8633,8.0189,0.0058
408,2.2533,13.9615,0.9598,6.9894,13.5404,0.8624,2.9109,5.0896,0.2929,1.5384,4.8582,0.2594,1.624,10.6253,0.2502,-0.1453,1.6324,0.2066,11.318,12.9805,0.185,6.5349,7.9488,0.0772,2.1873,7.1702,0.0555,7.3012,9.9873,0.0461
409,14.2326,19.902,0.7596,1.5835,19.658,0.4431,10.4717,13.9373,0.388,2.0537,6.5613,0.3656,5.5959,7.1577,0.1017,7.0997,9.7627,0.0991,8.6622,9.9093,0.0917,1.5073,6.5829,0.0905,0.5759,1.4022,0.0581,1.1458,9.2494,0.0552
410,2.5812,6.6491,0.9971,4.2639,7.339,0.1389,10.593,12.8636,0.0996,17.0657,19.9215,0.095,10.2838,11.888,0.0669,0.256,1.6745,0.0269,0.376,1.5487,0.0269,14.08,16.1237,0.0149,0.0218,1.0458,0.0103,5.473,7.3766,0.0064
411,16.4202,22.4931,0.946,-0.3161,21.6389,0.7664,0.533,11.4553,0.5054,1.5913,8.2018,0.3147,9.9218,12.5778,0.2048,-0.1768,1.2079,0.198,-0.4662,12.439,0.1813,16.722,19.7989,0.1781,11.7624,14.2201,0.1469,5.3888,8.3985,0.1422
412,0.1963,6.4327,0.9349,-0.1871,4.0916,0.7705,10.0669,15.3342,0.2656,12.1337,15.7982,0.0899,4.5491,6.597,0.0777,8.3239,10.6573,0.0577,0.4191,2.2106,0.0277,16.1642,18.0519,0.0203,0.7975,2.0773,0.0146,0.238,18.5774,0.0111
413,4.7113,13.0606,0.7857,1.2344,15.1081,0.7775,13.2617,16.3491,0.4583,9.5582,13.6491,0.2071,3.1506,7.0835,0.1971,1.2923,6.5818,0.1234,2.5433,11.6266,0.1068,6.0699,9.3809,0.104,-0.2453,1.8421,0.0517,1.4963,8.4985,0.0399
414,4.4665,8.657,0.9622,12.5099,15.3216,0.6959,6.2079,9.1416,0.4006,16.6627,17.8772,0.2877,-0.5371,3.1253,0.2313,2.8866,4.2964,0.162,3.4765,7.5806,0.0549,0.9801,17.3329,0.0509,10.0641,10.9216,0.0326,3.0986,11.1163,0.0061
415,14.2469,16.0812,0.8844,11.617,13.6106,0.7214,9.4115,11.5154,0.6976,7.4438,9.0841,0.643,6.8103,8.1701,0.6287,0.9317,15.8039,0.5836,-0.0282,2.0529,0.4927,2.8246,5.1916,0.4569,2.941,11.178,0.3547,2.5604,7.2488,0.1988
416,-0.2275,23.7602,0.8317,0.6432,7.2005,0.5812,10.8272,20.1609,0.5398,-0.0988,2.2951,0.4996,15.87,21.4853,0.4894,21.4759,23.9378,0.4184,9.8036,14.7492,0.2838,4.9331,7.7611,0.2585,0.2801,13.8898,0.1848,1.2692,5.1784,0.08
417,3.1462,17.066,0.9454,10.591,16.9306,0.4495,2.8601,11.248,0.3663,14.2257,16.8168,0.2356,4.2925,14.2105,0.0877,2.7179,6.8108,0.0799,-0.1084,0.8819,0.0794,5.3183,14.2317,0.0478,7.4106,13.2758,0.0393,4.4603,10.1237,0.0309
418,15.2762,19.7593,0.9754,1.2153,19.9927,0.7921,12.3121,17.0693,0.134,8.411,13.3699,0.1061,4.8053,8.5127,0.08,3.5062,7.3198,0.0566,2.3002,14.4394,0.0346,9.1266,12.867,0.0301,0.2245,1.8951,0.0126,2.4156,8.7347,0.0121
419,24.2573,30.1508,0.8849,3.0054,28.355,0.6913,6.9677,14.2042,0.6129,15.9099,19.3822,0.5761,16.7134,20.4213,0.5091,23.006,26.8486,0.3835,5.0444,16.1859,0.3571,4.2252,21.0907,0.2042,3.8119,10.0691,0.1617,0.227,3.568,0.0727
420,3.2634,6.9442,0.9952,5.5263,6.5381,0.1204,0.3766,1.3686,0.0513,0.0167,1.1687,0.0429,4.1655,6.2382,0.0418,14.9724,15.8018,0.0327,4.5935,6.2365,0.0313,10.2695,11.6753,0.0228,13.0758,14.1674,0.0162,7.8138,8.8437,0.0149
421,0.1055,4.7507,0.9904,20.6595,24.0954,0.1054,9.3128,12.824,0.0922,13.4329,18.0572,0.0752,13.4488,23.3282,0.0477,-0.0568,23.8851,0.046,7.4934,10.3097,0.0338,0.3952,2.1198,0.02,0.5231,10.9305,0.0152,3.41,5.0726,0.0136
423,10.5299,11.9423,0.9981,0.1758,1.459,0.0271,10.6289,11.818,0.0234,8.8232,9.453,0.0176,1.3853,3.4631,0.0166,4.6295,5.6283,0.0153,9.535,10.442,0.0119,10.3247,11.5028,0.0112,5.4453,6.4437,0.0097,4.8438,6.2875,0.0057
424,7.0569,10.2949,0.997,7.1153,8.4773,0.2712,9.8315,10.9491,0.1576,0.2085,1.9622,0.085,9.3169,10.5306,0.0811,1.5771,3.7698,0.0572,11.9934,13.2755,0.0282,9.5569,10.7819,0.0261,4.1524,5.4776,0.0232,5.8481,8.4106,0.0155
425,12.3768,15.2023,0.9661,0.0259,3.5683,0.7339,11.1057,12.5099,0.1787,0.1821,2.3719,0.0496,6.7119,8.0943,0.0382,13.723,14.5406,0.0307,8.5669,9.9066,0.0299,0.1591,0.9462,0.0292,-1.0628,14.4044,0.0257,-0.8832,16.3025,0.011
426,0.5526,8.6362,0.9696,-0.0201,2.791,0.8548,0.1597,2.5767,0.2928,5.6746,6.8744,0.1638,5.5466,6.6358,0.1457,3.8333,6.8476,0.0883,8.7786,10.1952,0.0464,5.7393,6.4228,0.0358,2.5219,4.9282,0.0161,0.3098,4.1662,0.011
427,-0.4006,3.3565,0.9295,18.0641,20.1674,0.7132,-0.0032,19.492,0.2971,0.1608,7.4461,0.2291,0.5208,4.9825,0.2225,0.1711,13.6717,0.2077,10.0728,14.4818,0.1507,8.7041,10.6636,0.1395,4.6426,6.7162,0.1333,12.8431,17.2437,0.1166
428,0.022,9.0888,0.9568,14.7752,17.2408,0.6648,-0.0135,3.7326,0.6451,6.5457,9.4154,0.4832,11.7203,12.7126,0.2861,14.8513,16.5917,0.1909,19.9056,21.8556,0.1694,-0.3258,21.1996,0.0277,0.5432,4.6154,0.0267,0.4522,1.5414,0.0219
429,2.9244,23.3527,0.7547,15.7953,23.621,0.7489,18.0505,23.7025,0.672,5.6502,11.1423,0.139,2.4439,13.227,0.1246,3.3082,9.3598,0.1221,14.2125,17.4631,0.0853,9.4858,13.014,0.08,1.0566,15.2882,0.0537,0.1782,2.9825,0.0246
430,0.0214,2.9138,0.9974,2.4776,3.3015,0.2125,0.0823,1.0781,0.1765,2.2166,3.2042,0.0628,5.0282,5.8438,0.0389,1.0113,3.2712,0.0151,10.9084,11.9849,0.0118,7.4084,8.6291,0.0105,14.4339,15.5647,0.0083,-1.2701,12.3164,0.0062
431,0.3872,2.7961,0.9827,1.8778,2.803,0.0115,3.6469,4.1014,0.0106,2.1696,3.2854,0.0066,0.5839,1.4313,0.0023,1.3293,1.9329,0.0019,5.2979,6.856,0.0019,11.4062,13.0775,0.0019,4.9123,5.5992,0.0016,7.8706,9.0297,0.0014
432,-0.1927,19.7902,0.9035,0.7158,8.7336,0.6648,16.3023,19.246,0.6355,12.2877,19.3754,0.4485,0.0204,10.7827,0.4004,5.2789,8.0629,0.2773,8.2136,10.2534,0.2768,-0.2143,2.2577,0.2191,-0.4012,12.7332,0.14,10.5604,14.0275,0.1125
433,2.4254,6.4868,0.9947,13.1363,17.0118,0.8437,5.285,6.756,0.745,16.8833,17.9173,0.2643,12.7352,14.1379,0.2244,6.6798,7.451,0.1657,0.3661,1.3901,0.0508,0.0902,10.4491,0.0391,4.0497,4.9918,0.0377,6.6291,7.3063,0.0371
434,7.6057,17.1133,0.9955,5.4112,17.6899,0.3547,14.5676,17.7611,0.2631,6.7356,9.4649,0.1707,8.0434,14.0624,0.0839,6.945,8.3856,0.068,0.5706,2.4041,0.0165,9.8066,11.9992,0.0129,7.807,11.3594,0.0098,1.6641,3.9808,0.0079
435,6.9919,9.5368,0.9918,9.9848,15.6173,0.4052,13.2423,16.0804,0.4051,-0.1389,15.4108,0.1631,0.1682,2.3219,0.0798,4.6734,6.0036,0.0655,2.3296,4.1698,0.0383,10.2942,11.5829,0.0264,3.8573,5.5387,0.008,5.6698,7.9917,0.0076
436,3.247,4.9248,0.9853,3.2563,4.6486,0.0865,5.7176,6.1527,0.0119,1.3707,2.0986,0.0063,4.7507,5.4024,0.0051,3.6924,4.4873,0.0043,0.1904,0.7009,0.0041,8.5938,9.7541,0.0024,4.5088,5.1663,0.0023,12.3204,13.0524,0.0021
437,0.1884,7.9954,0.9397,15.0259,18.0071,0.7934,13.5615,17.0768,0.4812,0.582,8.8856,0.4441,-0.3811,17.6027,0.3262,11.0171,13.06,0.2726,-0.143,1.9473,0.2134,4.777,7.457,0.1589,6.656,8.5567,0.1055,0.665,1.7266,0.0146
438,8.2053,11.0913,0.7822,10.6418,12.4379,0.5491,-0.08,2.2024,0.5102,3.7003,6.3579,0.4339,7.0654,8.7188,0.4119,1.4737,5.5883,0.4057,-0.8975,12.3647,0.3837,-0.2511,7.8707,0.2977,-0.4236,15.535,0.2108,13.8737,15.4139,0.1129
439,10.849,13.0087,0.9994,11.9833,12.7649,0.0398,12.0724,12.5555,0.0363,12.9793,13.5339,0.0068,9.1236,9.6122,0.0049,11.2171,11.8776,0.0037,11.7595,13.7537,0.0035,5.5118,6.327,0.003,8.4959,8.9244,0.0028,0.0923,0.8181,0.0022
440,8.429,12.2899,0.9729,9.7654,10.7811,0.0521,11.2307,11.8774,0.0261,10.3883,10.7244,0.0237,10.1592,10.8187,0.0208,7.3033,7.9742,0.0136,4.62,5.5696,0.0118,0.724,1.7286,0.0083,5.6034,6.2218,0.0075,7.8247,10.3535,0.0071
441,3.1326,8.927,0.9894,1.6966,21.2292,0.5836,9.6373,12.7564,0.3914,19.2556,22.1194,0.2393,15.9506,20.4255,0.1802,5.3559,8.7269,0.1084,12.1697,15.0933,0.0589,6.5711,10.1645,0.0317,0.9158,2.418,0.0272,1.3712,5.0575,0.0137
442,-0.0624,5.0607,0.9941,2.7231,4.9459,0.3347,-0.5555,3.0742,0.2709,6.4225,8.1554,0.0838,11.5715,13.5555,0.0837,6.5708,8.5046,0.0487,0.2117,1.6577,0.0426,9.5263,11.4148,0.0353,2.1185,3.5775,0.0173,1.3004,12.9662,0.0142
